username,email,first_name,last_name,password,created_at,updated_at
tgergler0,tgergler0@hud.gov,Tait,Gergler,5vIBzfdUq8,2018-02-01 10:49:28,2017-04-26 17:43:24
bcoulthart1,bcoulthart1@oaic.gov.au,Beverley,Coulthart,KVDfHb,2019-10-08 17:28:40,2018-10-30 19:29:51
jderx2,jderx2@prweb.com,Jemimah,Derx,0gO5jPeF3O,2019-05-09 04:42:39,2018-12-25 06:23:47
kould3,kould3@umich.edu,Kennan,Ould,aNaLhIoa7e1,2021-08-07 17:17:08,2020-02-13 22:42:59
fghiotto4,fghiotto4@intel.com,Ferrell,Ghiotto,xSIaJNyu35G,2017-07-03 20:25:32,2018-05-23 06:09:56
tshillaber5,tshillaber5@umich.edu,Tamarra,Shillaber,dYEtZdE97Ray,2020-04-25 04:56:34,2017-10-30 07:36:27
fcarreck6,fcarreck6@mozilla.org,Ferguson,Carreck,zkNuMjn4jS4,2017-11-29 09:00:18,2017-08-24 19:23:50
aflann7,aflann7@wired.com,Almeria,Flann,OyLE6jnJ,2019-03-10 21:54:51,2021-05-23 14:07:46
awolland8,awolland8@over-blog.com,Ailene,Wolland,8vlKT8h,2019-09-08 12:38:43,2021-06-01 12:18:48
sberling9,sberling9@deliciousdays.com,Sergei,Berling,hafnB0Mvb,2019-12-13 12:05:00,2017-07-19 01:48:40
btembya,btembya@artisteer.com,Brinna,Temby,7ojtU7GEBss,2021-09-01 14:09:20,2020-08-06 10:44:21
cguerrerub,cguerrerub@japanpost.jp,Cammi,Guerreru,3pdOJzIKx,2018-07-03 16:18:09,2017-06-09 03:05:04
rdennantc,rdennantc@theglobeandmail.com,Rianon,Dennant,IxUDBzq7Fi9,2016-12-23 21:49:18,2020-05-04 12:16:32
fbugged,fbugged@mayoclinic.com,Ferdie,Bugge,iV69MIFxnf,2019-10-26 07:25:24,2018-01-26 23:26:44
jakette,jakette@goodreads.com,Jamima,Akett,AfMfQl3BsMJf,2017-04-11 13:30:07,2018-03-31 06:30:01
gmirandaf,gmirandaf@pbs.org,Garry,Miranda,aEmWXWtTO,2018-04-17 22:07:04,2019-08-03 16:18:17
okleinplatzg,okleinplatzg@icq.com,Oran,Kleinplatz,uW2YaWpxZF,2020-07-02 05:14:10,2021-03-27 12:12:35
whallwoodh,whallwoodh@hud.gov,Wally,Hallwood,qxdQLTMAwksy,2018-05-03 23:50:58,2017-10-01 07:33:26
plouysi,plouysi@is.gd,Porty,Louys,yIX4C1R,2017-03-13 12:44:02,2018-01-25 11:19:20
bpattemorej,bpattemorej@flickr.com,Berkly,Pattemore,P7YQTjIL,2021-07-19 12:55:51,2019-03-23 00:12:02
fgrisewoodk,fgrisewoodk@twitter.com,Freddy,Grisewood,QEOMOhTgp,2017-04-10 23:39:41,2018-04-09 06:46:19
cborrowl,cborrowl@weibo.com,Cindy,Borrow,tAnKBL,2021-08-24 04:50:06,2017-03-26 15:43:51
atonepohlm,atonepohlm@nsw.gov.au,Alli,Tonepohl,nKK6sg,2017-04-04 20:30:47,2019-12-19 19:11:59
schiswelln,schiswelln@wunderground.com,Skylar,Chiswell,WDzo2JyH,2016-11-28 04:59:21,2021-05-08 09:36:44
wmcaleeseo,wmcaleeseo@miitbeian.gov.cn,Winfield,McAleese,9QhcXAvbD,2018-10-29 07:12:50,2018-08-23 23:23:38
cmcquillanp,cmcquillanp@jugem.jp,Celestyn,McQuillan,OiBSidUIXkxm,2021-08-03 11:14:21,2018-04-22 21:55:35
teveleighq,teveleighq@shop-pro.jp,Thomas,Eveleigh,DGgBfL00l3e,2017-07-29 05:01:19,2020-05-27 17:14:22
ktemprellr,ktemprellr@hud.gov,Keith,Temprell,38viK77w,2017-08-28 01:03:43,2017-11-24 01:34:47
iandrichuks,iandrichuks@intel.com,Isacco,Andrichuk,gqJYjoPjnVb2,2017-02-21 07:31:15,2019-07-20 19:39:01
mmchaffyt,mmchaffyt@e-recht24.de,Milena,McHaffy,VEblKJkIUiZG,2018-07-30 03:24:41,2020-05-10 23:27:44
dmclurgu,dmclurgu@shareasale.com,Darb,McLurg,FSsXvB,2018-06-22 15:47:31,2017-11-05 12:48:31
ytrotterv,ytrotterv@artisteer.com,Yoshi,Trotter,B4fjdAa6e,2018-01-27 08:07:04,2017-04-26 23:31:55
bbetjesw,bbetjesw@rediff.com,Beck,Betjes,x7BBFd,2016-12-04 18:21:45,2021-05-21 07:47:18
icasteroux,icasteroux@arizona.edu,Irene,Casterou,WKyt8vY3f,2017-01-04 10:17:32,2020-03-04 15:13:17
hyearbyy,hyearbyy@mayoclinic.com,Harlen,Yearby,Ns0Pk3,2017-11-21 10:09:10,2020-07-29 03:29:06
ccheynez,ccheynez@surveymonkey.com,Clio,Cheyne,TMEsWYOd,2020-09-13 14:25:57,2021-01-05 06:01:58
ekesteven10,ekesteven10@dyndns.org,Estell,Kesteven,io7Ne9IZGS,2021-07-04 11:55:24,2018-07-14 09:47:44
calti11,calti11@deviantart.com,Claudetta,Alti,eUghMPHZEw,2019-04-27 01:41:03,2021-03-09 14:55:02
smacaloren12,smacaloren12@time.com,Sutherland,MacAloren,b501LHiZ,2019-06-21 07:30:57,2021-01-03 14:40:50
nclayill13,nclayill13@com.com,Nina,Clayill,XRewmuJIU8AM,2019-01-11 23:22:09,2020-07-24 02:00:14
tsivell14,tsivell14@google.co.uk,Tuckie,Sivell,XKKvIbP,2019-12-15 10:47:48,2017-03-24 04:58:35
ymoxley15,ymoxley15@vimeo.com,York,Moxley,AzZySD07X4,2019-06-23 18:20:02,2017-05-09 05:03:53
cmarklow16,cmarklow16@ucla.edu,Chelsae,Marklow,VtEZVpjyYynM,2016-11-07 11:15:01,2018-08-16 02:19:43
kinglesant17,kinglesant17@google.cn,Karlee,Inglesant,hXRMY6VMzKI,2017-01-19 19:10:13,2019-02-20 19:11:23
bbing18,bbing18@moonfruit.com,Benedikta,Bing,F7Pmr4,2017-11-28 01:53:23,2019-07-24 07:42:39
wcancellario19,wcancellario19@example.com,Winthrop,Cancellario,l1pmos,2019-11-11 01:00:58,2017-07-02 13:34:29
kspurden1a,kspurden1a@tripadvisor.com,Kesley,Spurden,TYdUzL0zinul,2021-04-30 19:00:54,2016-10-15 22:19:03
csullens1b,csullens1b@slashdot.org,Cathe,Sullens,kORgNO,2018-02-11 02:50:06,2018-03-21 14:01:53
jgoncaves1c,jgoncaves1c@quantcast.com,Jillie,Goncaves,3zvqCGleJ2,2018-01-28 17:36:47,2019-12-28 18:24:28
kfennessy1d,kfennessy1d@sourceforge.net,Kip,Fennessy,BdlrjgaAt,2019-09-20 18:46:30,2021-09-02 22:01:19
tkrahl1e,tkrahl1e@cnet.com,Tomaso,Krahl,NojQSqRlJm,2016-11-24 06:36:43,2021-08-22 11:19:16
pbienvenu1f,pbienvenu1f@imgur.com,Page,Bienvenu,aH4eXQ,2018-02-13 04:14:29,2020-04-10 15:12:42
nhollyman1g,nhollyman1g@soundcloud.com,Newton,Hollyman,4f30xX,2019-05-30 12:38:24,2020-07-01 15:16:58
rpassmore1h,rpassmore1h@oracle.com,Ricoriki,Passmore,W0MduPGagJS,2017-12-26 01:07:09,2019-06-04 16:47:27
svoff1i,svoff1i@dyndns.org,Skylar,Voff,FG6EYQqWHCSY,2020-03-11 01:25:00,2020-07-03 13:58:41
ddacks1j,ddacks1j@joomla.org,Devin,Dacks,L1iM201eGj1l,2021-06-16 01:57:23,2019-10-29 12:02:00
showler1k,showler1k@merriam-webster.com,See,Howler,Cyo597jcQs9n,2020-12-25 21:30:25,2017-11-08 01:22:20
mhaton1l,mhaton1l@godaddy.com,Millicent,Haton,WeD9GTT2U,2017-09-08 20:50:01,2020-05-17 22:13:26
caulds1m,caulds1m@noaa.gov,Connor,Aulds,1xhb8417g,2017-07-30 16:17:25,2019-12-02 18:25:00
sbassil1n,sbassil1n@yelp.com,Shela,Bassil,zbch4T,2018-05-25 20:00:11,2021-01-20 19:14:36
bjordi1o,bjordi1o@dagondesign.com,Blaire,Jordi,NnsTVJ4k,2019-02-23 14:08:04,2017-08-16 00:02:41
fcircuitt1p,fcircuitt1p@slate.com,Fabe,Circuitt,M5kEqr1RnMtf,2017-06-12 14:11:29,2019-08-26 16:12:44
deastes1q,deastes1q@ycombinator.com,Deloris,Eastes,uD1AuweyL,2017-04-02 21:10:20,2020-04-10 04:07:56
nmacanellye1r,nmacanellye1r@yellowpages.com,Nathanial,MacAnellye,5YlQxgdwLgmy,2020-02-17 16:01:05,2017-09-02 11:19:57
rbithell1s,rbithell1s@accuweather.com,Rahel,Bithell,Pi0wb4q,2018-01-09 09:25:41,2021-07-17 09:07:56
ggoburn1t,ggoburn1t@redcross.org,Guss,Goburn,2fKqoatSJx1z,2019-02-13 20:46:37,2017-09-22 00:36:56
nbrambill1u,nbrambill1u@nps.gov,Norri,Brambill,ajTm4a,2017-12-20 09:21:15,2018-06-10 06:59:27
ndast1v,ndast1v@bing.com,Nicoline,Dast,MTrOSa,2021-09-20 14:09:11,2017-09-19 10:28:07
sfenelon1w,sfenelon1w@squidoo.com,Sophia,Fenelon,FvjiWqo6,2018-10-21 18:12:15,2021-10-14 19:42:09
rkalinsky1x,rkalinsky1x@shinystat.com,Ray,Kalinsky,21lsXzwfcY,2019-07-25 13:47:21,2021-02-03 03:00:17
mmarin1y,mmarin1y@comsenz.com,Margaretta,Marin,B796wZsuQ,2021-02-18 08:27:08,2021-05-25 18:55:55
cdelaharpe1z,cdelaharpe1z@cargocollective.com,Celestine,De la Harpe,Dwvg0S,2020-02-27 04:28:45,2019-02-09 06:58:18
tmoland20,tmoland20@about.me,Torie,Moland,bZ9m3u,2019-11-16 15:58:20,2017-01-11 03:42:58
ahardern21,ahardern21@ibm.com,Anni,Hardern,OAVURPYMLspB,2021-05-28 22:12:43,2017-07-19 19:43:40
cpratley22,cpratley22@unicef.org,Chrissy,Pratley,MCbsG8BXYLI2,2019-06-22 21:36:02,2020-03-23 14:03:50
nrivett23,nrivett23@edublogs.org,Norton,Rivett,6yBOhPMIPyz,2020-09-19 05:25:22,2020-03-11 16:33:13
ccharke24,ccharke24@trellian.com,Cesya,Charke,0r2jbBj7F,2018-07-10 05:43:16,2017-05-09 23:10:32
fcurado25,fcurado25@acquirethisname.com,Fianna,Curado,6fqkGMJtZhE,2021-08-26 17:30:27,2020-12-12 11:36:04
htreuge26,htreuge26@desdev.cn,Hyacinthe,Treuge,mLCojny2f,2017-03-11 15:00:22,2019-07-30 18:21:07
fgelardi27,fgelardi27@economist.com,Farly,Gelardi,KHCHXl4,2020-06-11 06:18:48,2020-03-02 20:21:12
fspivey28,fspivey28@prnewswire.com,Faustina,Spivey,pPfrzz32,2020-09-29 01:13:06,2016-11-15 19:12:44
ddanilowicz29,ddanilowicz29@paginegialle.it,Dexter,Danilowicz,rDzSa5,2016-12-04 11:00:48,2018-02-09 01:16:47
tmccorkell2a,tmccorkell2a@psu.edu,Tan,McCorkell,x8Sfsq,2020-11-07 12:50:39,2018-11-21 09:44:42
alainton2b,alainton2b@redcross.org,Aviva,Lainton,D2kLOkn1fZ9A,2016-10-13 15:28:25,2020-01-24 16:45:17
dbrownsea2c,dbrownsea2c@odnoklassniki.ru,Dyane,Brownsea,i6SFyj7vjr,2021-10-28 05:13:05,2020-09-29 19:33:11
jtancock2d,jtancock2d@cyberchimps.com,Jobie,Tancock,g2LQ1o4,2021-06-11 01:07:13,2019-11-23 03:27:17
kerbain2e,kerbain2e@cam.ac.uk,Kaitlyn,Erbain,UbsPN8gl,2019-11-23 04:51:34,2019-01-04 06:59:17
mbrann2f,mbrann2f@bluehost.com,Merilee,Brann,HTPqZDu5,2020-08-25 09:32:22,2017-07-01 22:39:11
rgoodsir2g,rgoodsir2g@yale.edu,Reeta,Goodsir,8dC3YF,2017-03-31 17:13:23,2021-09-21 13:25:18
ahasel2h,ahasel2h@sciencedirect.com,Alvin,Hasel,Mj6bPCv,2017-12-12 13:53:20,2021-06-13 13:03:59
fscotchmore2i,fscotchmore2i@about.com,Fee,Scotchmore,x3kvCFsTE,2019-12-07 07:52:06,2020-02-05 06:09:45
cdriscoll2j,cdriscoll2j@senate.gov,Cathie,Driscoll,CYCob8e,2017-08-14 18:38:34,2017-04-13 23:38:28
lmacken2k,lmacken2k@t-online.de,Lyssa,Macken,gxuIkenD09s,2020-03-10 13:43:26,2018-06-10 08:17:00
ifurlong2l,ifurlong2l@shinystat.com,Isak,Furlong,CPT3P1ys5Y,2021-08-12 22:44:35,2017-07-28 16:38:56
nfulk2m,nfulk2m@ow.ly,Norene,Fulk,85X39EiZYE,2019-11-17 08:32:32,2020-12-20 08:30:34
gbartaletti2n,gbartaletti2n@sogou.com,Guthry,Bartaletti,6YwUzTR,2021-07-23 00:35:16,2021-06-08 13:51:34
vstapleton2o,vstapleton2o@liveinternet.ru,Vinnie,Stapleton,JAYIA4S,2018-05-22 09:52:18,2020-06-04 16:09:27
fvane2p,fvane2p@howstuffworks.com,Francklin,Vane,2ZN0xpyLq,2021-06-24 18:23:39,2020-04-07 10:57:08
lsindle2q,lsindle2q@woothemes.com,Lesley,Sindle,wWbMNs,2018-11-07 07:18:30,2018-04-24 23:19:33
bpaddington2r,bpaddington2r@plala.or.jp,Barton,Paddington,uV0BCpXiuTF5,2020-02-08 07:04:42,2018-10-25 23:14:16
adelgado2s,adelgado2s@virginia.edu,Ashli,Delgado,T0nNCqix0c,2016-12-02 16:01:23,2017-07-06 23:48:25
sstanyard2t,sstanyard2t@marriott.com,Sigfrid,Stanyard,pWWe4p4u,2021-05-13 10:06:46,2019-01-07 12:30:30
iaiken2u,iaiken2u@foxnews.com,Isidoro,Aiken,ioD26hc,2019-12-08 08:20:52,2017-10-31 12:36:38
hmacnamara2v,hmacnamara2v@cnn.com,Harold,MacNamara,iSrNkP14Dwr,2018-07-15 00:47:14,2018-07-07 16:08:10
feddy2w,feddy2w@state.tx.us,Flin,Eddy,h37JTXD,2018-07-05 12:07:18,2017-03-25 18:16:54
avarnham2x,avarnham2x@cocolog-nifty.com,Annabell,Varnham,QLbk0DB,2019-04-17 04:20:51,2017-11-05 08:21:45
mlefriec2y,mlefriec2y@ftc.gov,Merl,Le Friec,3u6lqzz,2021-06-20 15:09:17,2017-01-11 11:58:34
jyanyushkin2z,jyanyushkin2z@mayoclinic.com,Julietta,Yanyushkin,MBQXucLX5,2017-03-23 01:55:42,2020-10-22 05:59:54
hfauguel30,hfauguel30@example.com,Herb,Fauguel,TPZCUGnT,2020-12-10 16:32:34,2021-01-04 06:54:04
cbattin31,cbattin31@apple.com,Celinda,Battin,HPKxzDrlGaNT,2018-04-24 23:30:25,2019-11-02 10:15:00
fbungey32,fbungey32@umich.edu,Frannie,Bungey,ncOCK2OOEGL,2017-10-06 13:59:56,2020-06-28 22:26:46
fmulhall33,fmulhall33@flavors.me,Feliks,Mulhall,KJQP6KF,2018-10-21 21:58:36,2019-11-15 07:19:29
rorviss34,rorviss34@amazonaws.com,Ralf,Orviss,ouM1PY8caul4,2020-11-18 20:16:40,2019-11-23 03:21:09
bcourage35,bcourage35@spiegel.de,Bonnee,Courage,QhEF3uep7gLY,2021-01-26 01:04:36,2020-06-21 02:02:55
gbellenger36,gbellenger36@google.es,Geno,Bellenger,L9w1UzI7SK,2017-11-06 21:02:50,2020-06-08 01:12:05
edanzey37,edanzey37@odnoklassniki.ru,Em,Danzey,IBMg7TMF,2018-11-19 08:54:15,2019-11-24 03:03:54
minchboard38,minchboard38@seesaa.net,Mamie,Inchboard,Ocycu7eK9Q,2020-03-08 23:47:27,2020-12-14 02:54:22
lcomo39,lcomo39@patch.com,Ludwig,Como,cnL2tR3Caa,2018-09-11 19:47:37,2021-04-13 22:52:48
zspeke3a,zspeke3a@wufoo.com,Zonnya,Speke,h5fnl2yJW5,2021-06-23 15:40:29,2021-10-21 21:57:20
wsparshatt3b,wsparshatt3b@trellian.com,Wallis,Sparshatt,8WPK6brEOLcU,2021-01-15 07:30:05,2020-09-16 07:38:02
dbrotherhood3c,dbrotherhood3c@linkedin.com,Dominica,Brotherhood,C19N0Qgi,2021-02-03 12:35:27,2021-05-26 05:30:39
esille3d,esille3d@fema.gov,Efrem,Sille,hO2PHYsa8g,2020-09-17 00:59:07,2017-07-11 04:12:24
jguttridge3e,jguttridge3e@opera.com,Joela,Guttridge,58Py15,2016-10-13 05:34:53,2018-07-22 00:00:00
lreadmire3f,lreadmire3f@blogger.com,Lorianne,Readmire,5FJLKJ,2020-03-22 06:40:27,2021-03-20 14:36:16
fbaptist3g,fbaptist3g@wired.com,Fabiano,Baptist,etEreXfP5Ptv,2020-10-25 15:04:33,2017-09-18 12:54:50
cbuttrum3h,cbuttrum3h@pinterest.com,Chic,Buttrum,D0p8mXn6tz1v,2019-02-08 04:13:08,2021-03-22 08:41:18
astanesby3i,astanesby3i@phoca.cz,Alys,Stanesby,R9khhzW,2021-03-18 11:49:16,2018-02-14 10:04:36
cmildner3j,cmildner3j@github.com,Clyde,Mildner,U9WbzY,2017-12-27 15:12:26,2019-06-16 20:01:50
benston3k,benston3k@cdbaby.com,Birk,Enston,GoL5x2US4,2017-01-08 19:08:41,2020-04-26 21:15:42
jlyddon3l,jlyddon3l@liveinternet.ru,Johnette,Lyddon,Jte3FX3pm,2020-06-11 10:35:32,2019-09-25 13:41:09
mcamber3m,mcamber3m@stanford.edu,Marco,Camber,bR5Zxvrh9,2020-09-03 10:00:37,2018-02-10 15:37:32
mjozefczak3n,mjozefczak3n@macromedia.com,Mac,Jozefczak,65YOfcXXcbhs,2018-04-22 16:03:45,2020-12-30 07:31:31
ldomini3o,ldomini3o@goo.ne.jp,Leshia,Domini,gbNjicWkB,2020-07-25 12:07:05,2020-04-29 09:13:34
wbraham3p,wbraham3p@a8.net,Wade,Braham,IuCB8C,2021-05-26 07:29:43,2019-01-11 08:06:30
ssummersby3q,ssummersby3q@discuz.net,Sidnee,Summersby,LdUD0miMOm,2020-12-04 23:36:29,2021-09-14 14:24:01
fmacnalley3r,fmacnalley3r@nasa.gov,Felicia,MacNalley,2lU0YE,2021-01-05 02:16:04,2021-08-09 09:49:32
rbollini3s,rbollini3s@youtu.be,Rafaellle,Bollini,Bh0f2k,2019-10-15 08:39:08,2017-03-06 20:24:01
avinick3t,avinick3t@vkontakte.ru,Anjanette,Vinick,SdxIxxX,2017-07-19 10:00:21,2016-10-10 05:48:24
lspyer3u,lspyer3u@sohu.com,Lombard,Spyer,Nn43JhMm,2021-05-12 03:55:11,2021-11-08 22:04:30
lemmett3v,lemmett3v@macromedia.com,Laure,Emmett,RZ4ht9HqK7,2021-11-07 07:26:57,2017-07-06 20:17:17
amcelory3w,amcelory3w@sciencedaily.com,Aryn,Mc Elory,1wkzAQb08Ks,2017-02-14 06:50:36,2017-07-05 19:10:54
rlansbury3x,rlansbury3x@dropbox.com,Robina,Lansbury,eVHbAF,2018-04-14 21:00:45,2020-02-18 16:58:27
rnanetti3y,rnanetti3y@com.com,Roanna,Nanetti,EM8UG6WegBqZ,2018-07-06 10:18:23,2020-11-18 14:23:42
yrubke3z,yrubke3z@booking.com,Yancy,Rubke,RMjDkwr0,2018-01-03 11:17:55,2021-07-18 16:12:47
mosmant40,mosmant40@cdbaby.com,Marrissa,Osmant,2J0EzHd1rC,2018-05-21 00:15:30,2020-02-11 14:23:17
frehm41,frehm41@google.nl,Fredia,Rehm,LDLpATOd,2020-01-08 17:09:41,2021-08-29 10:18:13
cjurca42,cjurca42@state.gov,Charity,Jurca,RqUkT6,2021-07-09 09:47:50,2017-12-16 03:19:46
tdownage43,tdownage43@ow.ly,Tamarra,Downage,cQ4QO6Gv,2021-09-16 15:35:15,2017-12-26 19:08:33
idorn44,idorn44@scientificamerican.com,Iosep,Dorn,u1zacc,2020-06-18 11:18:57,2019-01-24 22:53:58
nsyddall45,nsyddall45@usda.gov,Noemi,Syddall,07kev3JLxo,2020-05-26 16:38:48,2018-11-22 15:31:56
gmanion46,gmanion46@amazon.de,Gunilla,Manion,LcIuD2O8UNI9,2021-04-20 14:41:49,2017-04-29 19:35:48
brheam47,brheam47@boston.com,Barbey,Rheam,5yDm79HI,2017-01-15 11:24:36,2017-04-07 05:58:39
craund48,craund48@salon.com,Cordelia,Raund,EDaUXqkt,2020-08-29 19:05:12,2019-05-10 11:54:12
dduffer49,dduffer49@reference.com,Drugi,Duffer,3lb5L2,2020-06-04 20:32:23,2019-07-12 02:32:31
bleindecker4a,bleindecker4a@twitpic.com,Brien,Leindecker,wwz0i9dH,2021-09-15 14:13:20,2019-03-20 08:01:42
ldoggerell4b,ldoggerell4b@bandcamp.com,Livvy,Doggerell,EBlpR3zFRKG,2019-02-14 02:57:36,2017-02-14 02:26:32
mskim4c,mskim4c@microsoft.com,Marco,Skim,OYSuswKLbBz,2019-02-09 22:02:10,2017-06-28 12:57:37
fgiacomozzo4d,fgiacomozzo4d@multiply.com,Franz,Giacomozzo,w8tBWndlU3,2019-06-19 00:43:23,2019-06-21 00:14:56
arosendall4e,arosendall4e@apache.org,Amerigo,Rosendall,DjCB3UG,2021-10-18 23:14:48,2019-04-01 16:36:07
ogreenall4f,ogreenall4f@furl.net,Osmond,Greenall,rr52KmyLS8,2021-10-11 18:18:27,2017-06-12 18:52:32
hjanse4g,hjanse4g@unc.edu,Heath,Janse,EU7SVLPMk,2017-03-16 20:08:18,2021-06-29 01:03:49
htolcher4h,htolcher4h@devhub.com,Haley,Tolcher,85c9ZZQE,2016-12-25 13:38:51,2021-10-13 05:52:50
olangan4i,olangan4i@springer.com,Ora,Langan,Bqr7l47Fm,2020-07-19 06:10:37,2017-11-19 05:51:39
mdunlea4j,mdunlea4j@usda.gov,Mignonne,Dunlea,pSJFF7,2021-03-09 16:28:15,2021-07-21 03:44:43
mrudman4k,mrudman4k@dropbox.com,Muire,Rudman,OwYEkTyBW,2017-01-14 03:22:23,2017-09-12 14:20:16
hkeddle4l,hkeddle4l@1688.com,Hewe,Keddle,zeeus0WDrZ1G,2019-03-03 17:09:54,2021-08-24 10:55:10
cwinchcum4m,cwinchcum4m@utexas.edu,Carmelita,Winchcum,pHuplMrwO,2018-08-29 11:50:52,2017-10-10 20:29:47
oschimonek4n,oschimonek4n@mayoclinic.com,Odella,Schimonek,mdjGmgnBM3aJ,2021-01-30 03:44:55,2017-03-12 22:27:02
jabbets4o,jabbets4o@desdev.cn,Jacky,Abbets,JXr6jM,2018-05-25 09:53:47,2021-06-21 12:14:08
dwoonton4p,dwoonton4p@eepurl.com,Daphne,Woonton,fxOYpOq,2019-01-25 08:38:38,2020-04-14 18:22:29
gagar4q,gagar4q@fda.gov,Goldie,Agar,zhTdebHi7,2018-06-06 03:28:43,2017-11-21 01:16:48
ebarracks4r,ebarracks4r@booking.com,Eddie,Barracks,OURzGnI3,2018-10-26 22:47:52,2018-02-13 14:43:14
bdilgarno4s,bdilgarno4s@cisco.com,Babb,Dilgarno,E7h5yZS,2021-01-18 23:06:10,2020-02-27 08:45:21
lanfosso4t,lanfosso4t@elpais.com,Lauryn,Anfosso,trIr4OsP,2021-10-13 19:41:51,2017-03-04 22:03:31
mwebborn4u,mwebborn4u@gizmodo.com,Morgan,Webborn,mcfEEStLKDM,2016-12-07 12:56:47,2018-11-28 14:38:43
ncouch4v,ncouch4v@weibo.com,Nickey,Couch,DKNaqqwZ,2020-10-26 04:21:43,2016-11-14 17:13:28
zblazdell4w,zblazdell4w@trellian.com,Zared,Blazdell,gBF8Gva1,2020-10-09 14:20:51,2019-02-26 06:23:52
jkingswold4x,jkingswold4x@tripadvisor.com,Justino,Kingswold,ztywxqrPxa,2018-12-07 20:31:07,2020-01-06 04:31:20
mpakenham4y,mpakenham4y@icq.com,Mickey,Pakenham,mDZ8przQbS,2020-11-22 21:48:41,2021-01-04 23:52:26
wemnoney4z,wemnoney4z@sogou.com,Wilma,Emnoney,XRTCEpXZEq,2018-10-26 04:38:42,2018-07-25 02:12:41
lbadsey50,lbadsey50@scribd.com,Lissie,Badsey,mkX7MN,2019-08-21 21:13:44,2017-05-22 14:15:00
smcquaide51,smcquaide51@tripod.com,Shelby,McQuaide,5c8V4x8,2019-12-16 21:03:21,2019-01-30 01:56:18
lkassidy52,lkassidy52@hubpages.com,Leodora,Kassidy,KFpS8F9G,2020-07-10 11:19:50,2018-05-08 10:19:30
aanscott53,aanscott53@blog.com,Abbey,Anscott,O5rNGQ3Cu,2020-10-26 01:31:33,2017-05-05 00:31:54
smcconigal54,smcconigal54@hostgator.com,Sibbie,McConigal,iFTXjlimpEe,2021-08-28 08:39:54,2017-08-05 22:58:57
lfilippone55,lfilippone55@is.gd,Liz,Filippone,DcZeb9Ly,2020-05-20 11:28:06,2020-07-10 10:22:19
ashiliton56,ashiliton56@accuweather.com,Aubrey,Shiliton,qz1jqkmMV,2019-03-23 13:29:50,2020-01-07 17:07:52
jbocke57,jbocke57@bandcamp.com,Jewel,Bocke,q3YJBoT3,2020-02-21 04:43:10,2017-02-26 16:52:07
jlightwing58,jlightwing58@live.com,Jonie,Lightwing,RZ0XsQJn,2020-10-19 15:33:03,2018-01-04 19:04:45
ncoskerry59,ncoskerry59@ustream.tv,Nils,Coskerry,92f0lv,2020-07-13 13:35:05,2019-11-23 00:43:11
cmccotter5a,cmccotter5a@myspace.com,Chrisy,McCotter,sT3xYApo8J1S,2018-03-23 20:43:18,2018-05-03 14:53:20
scordner5b,scordner5b@unesco.org,Samara,Cordner,oqRZGUPU04z,2020-06-19 02:11:13,2020-08-05 18:01:51
mlovick5c,mlovick5c@cam.ac.uk,Marwin,Lovick,T2mYsrvmVF,2021-07-06 01:01:30,2019-10-31 17:12:02
hjosskovitz5d,hjosskovitz5d@thetimes.co.uk,Hi,Josskovitz,g9h5vYw5I,2021-03-20 10:36:22,2021-01-25 19:14:39
nkos5e,nkos5e@rakuten.co.jp,Nappy,Kos,a0JV0sD,2019-11-21 07:06:50,2019-08-23 08:33:02
oblayney5f,oblayney5f@nih.gov,Orran,Blayney,J7lfGe7NUur,2020-08-16 16:00:18,2019-01-24 00:32:04
mdumingo5g,mdumingo5g@sciencedaily.com,Mohammed,Dumingo,mjTUQi7V0b,2018-10-17 14:06:43,2021-04-05 17:29:34
dewens5h,dewens5h@privacy.gov.au,Darnall,Ewens,sBBpqt9txUZ,2019-12-03 11:04:13,2017-10-20 09:55:22
ikilbourn5i,ikilbourn5i@cdc.gov,Ivette,Kilbourn,fVxHVN,2020-01-18 12:11:58,2019-06-29 01:23:36
btomsen5j,btomsen5j@gnu.org,Boycie,Tomsen,QDjniEpA1,2020-02-04 22:49:07,2018-03-21 20:22:26
gpool5k,gpool5k@huffingtonpost.com,Gayle,Pool,752q20rI,2020-02-06 14:53:36,2019-04-24 03:44:24
tedgerly5l,tedgerly5l@vimeo.com,Tully,Edgerly,nXzYBIxe08,2021-04-02 23:31:24,2016-12-06 18:21:41
lravenhill5m,lravenhill5m@wired.com,Lorry,Ravenhill,RBzz0Qe5R,2021-05-11 12:07:17,2020-08-08 12:27:23
achaster5n,achaster5n@w3.org,Allard,Chaster,1WWZYv9bd6sn,2016-12-31 14:42:14,2019-07-19 13:35:42
ffeatherstone5o,ffeatherstone5o@theatlantic.com,Frederigo,Featherstone,wI2b30g,2019-03-18 10:10:09,2021-05-12 23:27:43
scradoc5p,scradoc5p@bloglines.com,Sue,Cradoc,y6nJwpK,2018-03-27 03:38:56,2020-11-09 12:51:46
lgrombridge5q,lgrombridge5q@uiuc.edu,Lavena,Grombridge,xT33LbKX,2021-05-20 19:06:35,2017-05-20 16:07:25
tchristophe5r,tchristophe5r@technorati.com,Tonia,Christophe,zU37PWG,2019-01-12 02:16:53,2019-12-07 08:34:00
kaleavy5s,kaleavy5s@java.com,Kathy,Aleavy,rcAbrDftN,2020-06-20 09:34:59,2021-02-13 04:36:51
tkarpenya5t,tkarpenya5t@google.cn,Todd,Karpenya,BrQ7XP,2021-06-18 10:04:31,2017-01-07 23:43:39
ebravey5u,ebravey5u@salon.com,Even,Bravey,f7xkCS,2020-10-11 04:46:19,2019-03-22 18:10:00
cgronow5v,cgronow5v@biblegateway.com,Chad,Gronow,L1EoWUEw3VaK,2021-02-08 22:16:55,2019-09-19 14:51:22
pjambrozek5w,pjambrozek5w@meetup.com,Phillipp,Jambrozek,Z9VsPK0lRtgw,2020-03-04 05:24:37,2018-06-04 11:51:28
abenedtti5x,abenedtti5x@sakura.ne.jp,Allina,Benedtti,0UDgIH,2019-01-01 21:13:15,2020-07-13 23:55:00
iverman5y,iverman5y@zdnet.com,Inez,Verman,y40u9yf7,2020-01-27 15:49:20,2018-11-05 09:59:48
ogrenshields5z,ogrenshields5z@va.gov,Osmund,Grenshields,Zx4D8iCm,2018-06-27 23:27:28,2020-08-31 19:24:17
cskouling60,cskouling60@jimdo.com,Clarke,Skouling,zHm0QQq5UH,2017-07-05 20:15:23,2020-01-03 03:10:05
gbothams61,gbothams61@elpais.com,Gerladina,Bothams,iHiWOWPd,2020-09-16 23:59:36,2017-05-21 18:25:05
tgetcliffe62,tgetcliffe62@123-reg.co.uk,Trevor,Getcliffe,4SrPxzNnfatT,2016-11-11 02:02:53,2017-01-11 03:05:56
gstockill63,gstockill63@wordpress.org,Gayle,Stockill,2GOUFRT,2021-08-24 10:14:53,2020-03-28 15:02:47
ameeron64,ameeron64@ow.ly,Anjela,Meeron,MeD0kSH6,2021-03-09 23:37:36,2020-05-19 20:53:26
estern65,estern65@spotify.com,Eve,Stern,ixc0TCVw,2017-12-18 03:10:59,2021-05-31 03:59:45
smccreery66,smccreery66@hp.com,Sammy,McCreery,wvRIdG,2021-10-29 19:41:55,2019-02-15 10:12:35
rsodeau67,rsodeau67@bing.com,Raff,Sodeau,iK7h2kf,2020-04-21 17:05:22,2019-06-10 18:29:12
bcastangia68,bcastangia68@wunderground.com,Benji,Castangia,S2GlU4rA,2020-06-25 05:50:28,2017-08-22 05:20:42
abarchrameev69,abarchrameev69@newyorker.com,Agretha,Barchrameev,Hs3W4jMamuyi,2019-10-15 09:06:43,2021-06-13 06:24:55
lchilvers6a,lchilvers6a@bandcamp.com,Leesa,Chilvers,v3fklxw8YUP,2019-04-06 16:40:27,2017-10-24 20:20:29
bmaybury6b,bmaybury6b@google.es,Barbette,Maybury,DVaIjY4lZFY,2017-10-20 06:26:27,2019-06-20 12:40:14
ajan6c,ajan6c@imdb.com,Alma,Jan,jDGCZZr,2020-05-14 12:03:10,2021-10-08 14:05:50
wharston6d,wharston6d@icio.us,Winnifred,Harston,GJhpPM,2019-03-11 15:47:41,2019-06-14 01:44:21
ataberer6e,ataberer6e@cafepress.com,Alick,Taberer,HMFE3tZ,2020-06-21 00:29:36,2020-08-23 15:47:10
cmallam6f,cmallam6f@mashable.com,Carce,Mallam,Yog0zBEmcJ1,2020-06-13 12:50:11,2018-09-13 14:18:10
amenichino6g,amenichino6g@php.net,Ara,Menichino,jUs8vOPLYw5,2018-09-01 03:57:04,2019-03-25 16:05:49
jsuatt6h,jsuatt6h@phoca.cz,Jen,Suatt,poCCF6zG,2017-12-23 03:04:57,2021-03-10 02:22:26
sfance6i,sfance6i@dedecms.com,Starlin,Fance,EP0cS0RA8r,2018-11-17 03:14:01,2017-02-28 20:51:34
sweatherell6j,sweatherell6j@stanford.edu,Sauveur,Weatherell,ZLmkzRXgGiCp,2020-12-02 15:46:53,2020-07-13 17:41:17
pblair6k,pblair6k@apache.org,Parrnell,Blair,XVicxZ5g,2019-03-12 02:32:00,2017-11-27 23:36:55
dcancott6l,dcancott6l@wikispaces.com,Doralyn,Cancott,8RzXbXpYpX,2017-11-26 17:46:20,2019-04-15 12:17:49
tsturror6m,tsturror6m@businessweek.com,Thibaut,Sturror,wnkzIz,2019-05-31 23:04:40,2018-05-08 22:14:32
lquennell6n,lquennell6n@craigslist.org,Louisa,Quennell,Mik4s1NKITO,2021-04-03 04:41:43,2019-02-03 08:53:58
bygoe6o,bygoe6o@google.it,Burton,Ygoe,MyV1ou4aJp5,2021-09-11 17:56:08,2017-09-08 08:52:43
nwitts6p,nwitts6p@1und1.de,Neely,Witts,coIvSE,2017-05-24 07:59:34,2016-11-24 01:50:24
wleppo6q,wleppo6q@elegantthemes.com,Worth,Leppo,P5sjlamyyL3,2018-10-22 20:28:01,2021-05-24 09:00:00
lthorwarth6r,lthorwarth6r@slideshare.net,Lek,Thorwarth,djQmCmeHfvQ,2020-06-20 02:55:19,2018-10-04 00:19:01
cboness6s,cboness6s@amazon.co.jp,Conney,Boness,fYn64bvEF,2019-10-15 05:37:29,2021-01-25 05:23:19
fcurl6t,fcurl6t@booking.com,Farr,Curl,8GxOPMW6N,2017-04-05 15:44:40,2019-07-19 02:00:16
cchattington6u,cchattington6u@theglobeandmail.com,Clarabelle,Chattington,MwQjSm9O,2017-08-08 21:23:53,2017-04-06 06:29:32
fsancho6v,fsancho6v@freewebs.com,Freddie,Sancho,WkpTuek22,2020-06-05 17:03:02,2019-03-24 08:23:10
ccarlo6w,ccarlo6w@indiatimes.com,Christie,Carlo,63iMmx7fvRm,2019-12-22 14:08:47,2017-10-29 00:44:17
bgarrood6x,bgarrood6x@redcross.org,Brinn,Garrood,0P3NinV9YlNw,2020-08-14 23:55:44,2017-02-07 10:57:28
oconlon6y,oconlon6y@utexas.edu,Obadiah,Conlon,DRHz030P,2020-05-13 18:52:36,2019-08-23 22:52:59
adufall6z,adufall6z@mysql.com,Alfonse,Dufall,FVX5NzrsWCpC,2017-03-22 20:15:44,2021-01-13 10:14:28
mollenbuttel70,mollenbuttel70@answers.com,Marlo,Ollenbuttel,vNRrY570tsPG,2018-04-24 03:12:54,2019-08-25 22:16:14
lwaldren71,lwaldren71@wunderground.com,Leyla,Waldren,REd2t3,2021-07-05 07:57:51,2018-09-12 19:01:40
rcabrer72,rcabrer72@ask.com,Rawley,Cabrer,N3AkN3w,2018-05-19 08:37:33,2018-01-22 18:34:48
ggreenhouse73,ggreenhouse73@ovh.net,Gilemette,Greenhouse,8OF1a6P,2018-05-23 15:15:12,2021-06-06 03:28:24
rcornbill74,rcornbill74@nhs.uk,Rebecka,Cornbill,X0Bld0,2017-04-25 19:10:38,2018-04-15 22:31:50
idukelow75,idukelow75@kickstarter.com,Ira,Dukelow,WwZ3INiATj,2017-10-25 01:17:09,2018-07-11 10:26:39
rcleyburn76,rcleyburn76@imgur.com,Rubie,Cleyburn,kfTFuT,2017-11-25 02:38:28,2018-02-11 18:56:18
istranaghan77,istranaghan77@marriott.com,Imojean,Stranaghan,jjjim0PO6j,2018-06-14 13:12:23,2021-01-19 23:50:37
lolliffe78,lolliffe78@dedecms.com,Lutero,Olliffe,IrSINpLv,2017-10-11 15:54:26,2018-06-23 01:43:32
mjosiah79,mjosiah79@yolasite.com,Mick,Josiah,ziikLe,2021-04-13 15:06:59,2020-12-27 11:55:42
mmetzke7a,mmetzke7a@imdb.com,Margette,Metzke,T2TWjmfi7B5,2017-10-19 10:08:36,2018-03-10 00:21:59
karchanbault7b,karchanbault7b@blog.com,Kitti,Archanbault,DJOxEPf,2017-10-25 10:29:14,2021-07-02 03:50:14
jennion7c,jennion7c@usnews.com,Joycelin,Ennion,BNTcT05qxP1,2017-01-09 14:39:16,2017-09-02 20:42:52
hmalkin7d,hmalkin7d@myspace.com,Holden,Malkin,K2ErsXB,2018-03-14 07:24:10,2017-08-03 12:25:15
karens7e,karens7e@kickstarter.com,Kala,Arens,S2tBk19,2020-12-26 13:01:21,2021-05-01 01:10:45
bseeviour7f,bseeviour7f@bandcamp.com,Biddie,Seeviour,iiOU2E9jUE7,2020-12-02 18:53:05,2020-01-09 03:47:57
lpilley7g,lpilley7g@4shared.com,Lianna,Pilley,1zPD9j1W5ac,2017-04-03 12:00:56,2016-12-17 20:50:40
aprandy7h,aprandy7h@si.edu,Albie,Prandy,8EoVf16,2019-03-06 10:05:12,2019-09-21 11:54:43
gdyde7i,gdyde7i@sohu.com,Geno,Dyde,DsRnYzgkxug,2017-01-28 06:05:31,2020-06-03 15:21:26
jmidlar7j,jmidlar7j@ycombinator.com,Jo,Midlar,9vbkyCYL,2021-09-19 23:08:25,2017-10-18 22:37:02
ekenrack7k,ekenrack7k@diigo.com,Estella,Kenrack,alPlMFy,2021-05-19 14:59:04,2020-10-18 04:59:57
akilroy7l,akilroy7l@tumblr.com,Andy,Kilroy,oP6sgnTsfJRi,2019-11-29 08:39:12,2018-01-22 22:58:01
aharberer7m,aharberer7m@mozilla.com,Agatha,Harberer,9BZXGoM1bf,2017-11-08 20:08:43,2020-06-09 02:55:21
rfessier7n,rfessier7n@goo.ne.jp,Reynard,Fessier,is9cqsy,2018-03-20 22:16:26,2021-05-05 16:16:30
bhandke7o,bhandke7o@wikimedia.org,Bent,Handke,wchkGqw,2018-07-25 02:32:54,2021-08-07 13:37:06
jemeline7p,jemeline7p@shareasale.com,Jennilee,Emeline,YZeoJg,2017-11-03 14:48:56,2020-06-12 09:04:07
jmacilory7q,jmacilory7q@guardian.co.uk,Jeramie,MacIlory,5kEcmvlH,2018-03-18 10:45:02,2016-11-21 19:15:07
rlouca7r,rlouca7r@booking.com,Roda,Louca,IyICkRTTu5J4,2021-05-02 20:20:11,2017-02-18 08:05:33
tcurmi7s,tcurmi7s@earthlink.net,Tabitha,Curmi,aCejtAEfq,2019-12-11 20:30:13,2020-10-05 03:26:23
oball7t,oball7t@studiopress.com,Ottilie,Ball,vzooizAy,2018-09-17 14:15:53,2019-09-04 22:31:51
cformby7u,cformby7u@sakura.ne.jp,Cameron,Formby,iUQG4dLZPU,2020-12-09 19:45:52,2021-02-06 11:25:23
whowey7v,whowey7v@opensource.org,Worth,Howey,OqPIlprKDq0W,2021-07-07 01:05:29,2021-06-02 04:11:56
jdudeney7w,jdudeney7w@last.fm,Jervis,Dudeney,Civ8Rbj,2018-08-09 01:54:23,2020-01-26 07:38:44
rpauls7x,rpauls7x@dailymotion.com,Raddy,Pauls,GZjP1k,2019-12-28 22:31:53,2016-10-28 05:55:13
jrosentholer7y,jrosentholer7y@youtu.be,Johnathan,Rosentholer,g38oLHU1Wk,2017-12-03 17:26:03,2017-01-11 22:33:25
cwrightem7z,cwrightem7z@ted.com,Charmaine,Wrightem,VeHYrnK,2020-10-30 07:07:42,2021-06-30 01:11:24
ugaley80,ugaley80@apache.org,Ulric,Galey,fwIL5TyAb,2017-08-06 02:20:17,2021-01-27 15:42:01
msuggey81,msuggey81@gmpg.org,Madelina,Suggey,qisVCDVPBMU1,2019-12-31 17:36:17,2017-06-04 02:17:42
qchartre82,qchartre82@geocities.jp,Quinn,Chartre,IITlJN,2020-02-07 06:51:28,2016-12-27 20:39:43
rhedingham83,rhedingham83@ucsd.edu,Rollins,Hedingham,CNGcAg,2020-07-31 23:52:00,2019-03-10 18:25:43
mheller84,mheller84@gov.uk,Marjory,Heller,uFANUAbtiTvP,2019-09-28 15:54:08,2017-09-20 04:33:55
rpalffy85,rpalffy85@desdev.cn,Raoul,Palffy,rtvi1sJ7fi,2017-05-24 06:09:30,2016-11-01 09:34:40
hlemasney86,hlemasney86@patch.com,Hildy,Lemasney,GZRQdP2n,2020-11-14 16:51:51,2020-07-27 06:28:46
geite87,geite87@java.com,Gusta,Eite,OLFNcgHtSRUk,2017-02-03 06:17:16,2019-02-19 08:44:19
rminker88,rminker88@livejournal.com,Robenia,Minker,wKSH7XJDg,2021-07-25 11:05:06,2021-06-26 18:10:43
kwycherley89,kwycherley89@ca.gov,Kynthia,Wycherley,gwuzMG808,2016-11-03 05:13:17,2018-03-06 00:37:24
feade8a,feade8a@toplist.cz,Felicdad,Eade,kRcGqWl,2017-03-06 09:40:23,2018-05-01 16:13:23
rbrian8b,rbrian8b@devhub.com,Roberto,Brian,9hUindSvQSO,2021-06-07 10:08:45,2019-10-11 13:55:18
rpulbrook8c,rpulbrook8c@slate.com,Rey,Pulbrook,ZmqZAlPmhKPn,2017-05-18 17:49:27,2017-12-11 11:43:14
dgetley8d,dgetley8d@artisteer.com,Dulcea,Getley,K2GKOAl,2018-12-26 16:03:18,2020-11-12 06:37:53
nbrightling8e,nbrightling8e@creativecommons.org,Nerty,Brightling,MJ9zhbkV8J,2021-03-06 16:42:38,2020-03-01 03:49:29
gcollins8f,gcollins8f@printfriendly.com,Guthry,Collins,f6M2YSwZjNk,2017-03-15 20:48:06,2018-02-27 10:09:40
gwhereat8g,gwhereat8g@phoca.cz,Goran,Whereat,NMXmVrRoJ,2018-04-07 10:49:51,2018-04-10 14:38:44
cstadding8h,cstadding8h@linkedin.com,Clarita,Stadding,6sy3V1HBj5x,2020-08-06 06:13:23,2018-10-16 15:07:33
opetrus8i,opetrus8i@businessweek.com,Osmond,Petrus,M7xdZykUMou5,2017-04-14 18:16:17,2021-06-13 01:13:20
bambresin8j,bambresin8j@tamu.edu,Brana,Ambresin,5cVmximI,2020-04-07 21:13:54,2018-08-08 18:34:11
aguildford8k,aguildford8k@cmu.edu,Aguistin,Guildford,qiSXbc8,2017-05-02 08:14:22,2017-01-13 11:14:51
hmarron8l,hmarron8l@yolasite.com,Harrietta,Marron,RzLSxJU,2020-02-29 04:24:10,2019-12-25 16:22:31
dfishburn8m,dfishburn8m@home.pl,Duffy,Fishburn,1TSelcM,2021-06-22 14:32:11,2016-12-01 00:58:32
jdodshun8n,jdodshun8n@myspace.com,Jacintha,Dodshun,aCJ8AIIv,2021-09-02 23:12:58,2018-04-02 12:48:04
ttebbit8o,ttebbit8o@stumbleupon.com,Tyrone,Tebbit,x3Sro4ZH,2021-01-31 19:01:08,2021-04-05 13:21:31
mdiack8p,mdiack8p@sbwire.com,Melany,Diack,VM8mpaz8Nrq,2016-12-07 20:38:15,2021-05-11 05:56:56
tburnup8q,tburnup8q@google.co.jp,Thorn,Burnup,TecxkS83VTO,2018-05-27 09:49:33,2020-08-29 18:03:56
xfronzek8r,xfronzek8r@github.com,Xaviera,Fronzek,GPMV8vcZ9wKY,2016-12-04 18:48:57,2020-02-04 12:32:15
slorryman8s,slorryman8s@dot.gov,Stacy,Lorryman,4NNt7esetBeY,2019-06-12 06:56:44,2019-07-28 11:15:13
cfleis8t,cfleis8t@nba.com,Cherie,Fleis,zD2GZySBB,2018-04-27 20:49:50,2020-11-29 08:23:24
mfaldoe8u,mfaldoe8u@whitehouse.gov,Mirilla,Faldoe,VGqH6cbSke,2017-11-21 23:47:47,2020-02-17 21:16:28
cbettridge8v,cbettridge8v@deliciousdays.com,Catina,Bettridge,4HwZe5,2020-09-13 21:21:12,2017-04-01 08:44:25
rmilton8w,rmilton8w@cpanel.net,Reginald,Milton,m8VUYprv,2019-04-10 13:18:05,2020-07-30 21:50:47
fcheers8x,fcheers8x@who.int,Freddie,Cheers,eTkk8EPzTM,2021-07-08 13:53:51,2017-09-14 16:27:17
weagan8y,weagan8y@jimdo.com,Wendel,Eagan,qRAdLaF,2018-05-14 03:28:48,2021-11-06 18:28:06
emorcombe8z,emorcombe8z@accuweather.com,Effie,Morcombe,N4wW8K5EblL,2016-12-16 12:08:46,2020-08-12 15:59:57
ibuntine90,ibuntine90@bing.com,Ilse,Buntine,duqyq26HKHLF,2018-06-09 21:28:23,2018-06-01 08:11:59
acornford91,acornford91@barnesandnoble.com,Anabelle,Cornford,zfhypaVOE,2021-11-05 07:44:52,2017-03-26 06:09:56
atarn92,atarn92@jigsy.com,Arnold,Tarn,6kRzzCTW,2018-10-16 04:12:28,2020-03-08 05:19:28
eradke93,eradke93@ucla.edu,Elene,Radke,CGYJJ33,2017-06-30 06:58:10,2019-07-08 13:40:17
rjewiss94,rjewiss94@hubpages.com,Raimondo,Jewiss,1MioTrD,2019-07-12 20:51:52,2019-07-28 01:40:22
bgray95,bgray95@pagesperso-orange.fr,Bentlee,Gray,JLfoBHw,2018-05-19 19:27:57,2019-02-16 06:42:32
ffillan96,ffillan96@ifeng.com,Flem,Fillan,49VVeHf,2017-08-31 09:15:02,2020-12-13 09:34:36
bchessill97,bchessill97@etsy.com,Bel,Chessill,xuGHBqefqI,2017-03-10 02:29:10,2021-01-17 02:33:40
lgrumble98,lgrumble98@businessinsider.com,Lorrie,Grumble,aguvJWIdqS,2017-03-03 14:49:57,2018-10-17 16:08:31
nbartolomivis99,nbartolomivis99@homestead.com,Norine,Bartolomivis,VKIoiTy,2021-04-11 06:41:59,2019-07-04 09:28:43
eallot9a,eallot9a@census.gov,Elsinore,Allot,faIeeL,2019-12-03 15:24:41,2017-03-01 15:29:40
fbinge9b,fbinge9b@t.co,Francyne,Binge,9Qgml8lkI4Lz,2020-11-29 19:43:07,2019-03-03 09:43:27
fdyball9c,fdyball9c@ibm.com,Felipa,Dyball,GvA2cMmm8,2018-11-22 06:32:13,2018-09-16 03:09:08
ctyas9d,ctyas9d@github.com,Cristie,Tyas,B3zIjVr9,2021-07-23 21:44:48,2020-09-17 18:37:12
dpaviour9e,dpaviour9e@free.fr,Deeann,Paviour,NoQULa5y,2017-12-06 21:07:40,2020-03-06 13:46:07
nbiswell9f,nbiswell9f@simplemachines.org,Nehemiah,Biswell,HCKluAsogmm,2018-05-06 08:50:51,2021-08-27 00:58:44
ggofforth9g,ggofforth9g@wikia.com,Gusty,Gofforth,m3Zp66d9qEW,2017-04-01 02:21:59,2017-09-09 01:24:54
ckeogh9h,ckeogh9h@scribd.com,Chen,Keogh,ec60dp,2021-09-14 01:31:10,2017-11-30 10:17:21
wburles9i,wburles9i@unicef.org,Waldemar,Burles,c8PJMARzPKpr,2018-04-10 00:24:07,2018-05-01 02:54:31
lmunt9j,lmunt9j@latimes.com,Lonnard,Munt,sF2zdIZPrY1,2021-04-17 17:20:37,2020-01-21 12:01:57
swaterhouse9k,swaterhouse9k@ocn.ne.jp,Sebastian,Waterhouse,57xtCf7m3V,2017-12-26 12:22:26,2017-02-11 06:15:30
nsancraft9l,nsancraft9l@netscape.com,Nickolaus,Sancraft,uVfRpS15P3,2018-09-10 14:02:52,2021-02-20 03:11:37
nhurtado9m,nhurtado9m@slideshare.net,Netta,Hurtado,ea41HqkL16w,2019-10-31 01:24:43,2021-01-22 15:30:32
mbuterton9n,mbuterton9n@jugem.jp,Mignon,Buterton,nnng2IiHM,2020-06-24 18:24:17,2018-01-03 03:44:12
ctrent9o,ctrent9o@etsy.com,Collin,Trent,HShK5lI2UmDx,2017-01-17 08:02:24,2019-10-23 20:06:04
lfosdick9p,lfosdick9p@typepad.com,Lanette,Fosdick,KdCIcH0ya,2018-01-03 19:39:58,2020-05-10 01:22:50
kwillson9q,kwillson9q@dedecms.com,Kelli,Willson,1fk5TP1,2017-06-15 04:03:35,2018-03-25 11:36:20
lcasari9r,lcasari9r@sbwire.com,Lorry,Casari,981lCSxfYoo5,2017-01-02 16:39:17,2018-02-04 14:08:59
lhrinchishin9s,lhrinchishin9s@mozilla.org,Leonhard,Hrinchishin,5VJXlMwDZaqS,2020-10-22 19:23:16,2021-09-24 03:52:41
schadband9t,schadband9t@unblog.fr,Sadie,Chadband,fcrHbPl,2019-01-20 11:46:03,2017-04-16 16:02:50
cogormley9u,cogormley9u@businessinsider.com,Colman,O'Gormley,Pw39wnGosetf,2019-11-16 05:02:09,2020-12-27 07:53:34
asobey9v,asobey9v@census.gov,Abby,Sobey,oIiCXnrEt,2018-07-20 09:14:04,2021-09-26 07:20:11
rcompfort9w,rcompfort9w@ovh.net,Romola,Compfort,1nGOL9,2021-04-06 23:50:56,2017-05-31 04:49:39
jadriano9x,jadriano9x@gnu.org,Julee,Adriano,g24iOfczge,2018-04-10 06:05:02,2021-01-02 17:08:20
gparmley9y,gparmley9y@nih.gov,Grant,Parmley,mlxGotJrlQMP,2019-08-03 23:45:58,2018-04-18 19:48:28
ipobjoy9z,ipobjoy9z@wikispaces.com,Ignace,Pobjoy,9cNt1MmmXJ6,2021-08-03 06:54:56,2020-02-16 10:52:01
iiresona0,iiresona0@barnesandnoble.com,Irving,Ireson,VF7UJp,2019-01-07 02:12:58,2018-09-01 20:32:30
mmargaritellia1,mmargaritellia1@harvard.edu,Marion,Margaritelli,sCwohY,2017-01-08 15:09:02,2020-04-26 23:36:55
dhullaha2,dhullaha2@who.int,Dal,Hullah,o5SWpNASUNc,2020-03-25 23:24:10,2018-07-12 10:28:39
etosha3,etosha3@ibm.com,Ethelind,Tosh,U6bYWlyr9,2020-10-17 23:45:34,2019-01-18 12:04:46
tpakesa4,tpakesa4@bloglovin.com,Tymothy,Pakes,cA8CUk,2021-08-03 04:16:01,2019-07-02 20:09:23
mfredia5,mfredia5@posterous.com,Mommy,Fredi,aBctv0cAv09,2021-04-11 01:18:43,2021-05-16 21:28:03
wjarrada6,wjarrada6@columbia.edu,Wolfgang,Jarrad,51XmcY,2019-06-01 19:53:14,2018-03-21 03:23:38
wlantapha7,wlantapha7@dedecms.com,Warde,Lantaph,h4HRwYdtBJuD,2019-07-14 14:22:18,2019-01-22 08:09:54
dferruccia8,dferruccia8@jiathis.com,Denni,Ferrucci,I455eU,2018-12-07 13:46:08,2018-12-18 12:08:26
ssmailea9,ssmailea9@123-reg.co.uk,Sharlene,Smaile,MmHvkIY,2018-11-19 20:02:38,2021-04-04 09:33:03
jbrazeltonaa,jbrazeltonaa@europa.eu,Jewell,Brazelton,BeSiDxk6,2021-09-26 15:15:43,2017-01-19 01:39:02
egulkab,egulkab@ucoz.ru,Edythe,Gulk,I6poAe0,2017-05-17 07:00:19,2019-07-11 16:14:26
ewattonac,ewattonac@yellowpages.com,Elvira,Watton,u4VeP98xsmZW,2021-11-08 21:22:13,2021-04-18 20:05:29
bjeacockad,bjeacockad@wp.com,Bertine,Jeacock,NyGoydz,2019-08-20 08:58:42,2017-10-17 05:04:03
dmaccarterae,dmaccarterae@wiley.com,Delinda,MacCarter,Z1hCfi,2016-12-20 12:19:02,2019-06-04 11:59:31
zmadneraf,zmadneraf@geocities.jp,Zilvia,Madner,agipsSrhwR9O,2019-09-22 16:00:38,2018-04-04 06:58:57
twackleyag,twackleyag@bloglines.com,Thadeus,Wackley,Y9nGnNj9vu,2019-03-23 05:21:14,2019-12-28 11:12:12
jdeverehuntah,jdeverehuntah@bloomberg.com,Joni,De'Vere - Hunt,PIasv8OZ,2019-12-24 10:51:23,2019-05-14 03:10:36
cshuterai,cshuterai@amazon.de,Cob,Shuter,nWKSKGDDw1,2018-03-15 13:05:42,2020-03-22 09:26:55
mbuyeaj,mbuyeaj@state.gov,Malachi,Buye,Te1QtINv,2018-05-17 16:19:20,2017-10-25 05:26:14
hpippingak,hpippingak@sogou.com,Herbie,Pipping,VmVabxu,2021-06-30 20:16:09,2017-12-12 03:18:50
bscinellial,bscinellial@histats.com,Bronson,Scinelli,19yi3rf,2019-04-04 00:22:15,2019-12-12 21:38:09
kdelguaam,kdelguaam@google.com.au,Kerry,Delgua,sR8cfbH43hW,2017-01-25 10:11:58,2019-10-11 19:24:38
dgabrielian,dgabrielian@irs.gov,Dominic,Gabrieli,OHXWYloud7Qt,2020-10-28 08:44:00,2020-12-25 20:49:30
fpyperao,fpyperao@xinhuanet.com,Fleming,Pyper,wMZj7hjq6uKU,2018-07-28 13:15:25,2017-08-27 08:53:16
zgrayshanap,zgrayshanap@uol.com.br,Zachariah,Grayshan,xoNNF235a,2021-01-30 18:20:36,2019-05-10 06:47:25
dpaulouaq,dpaulouaq@dmoz.org,Dasya,Paulou,CglUrRok7GD,2017-01-21 16:28:15,2018-12-10 13:34:25
nmcgonaglear,nmcgonaglear@ibm.com,Noam,McGonagle,2MJWYrV,2019-10-21 13:14:09,2020-01-14 10:28:12
pgourleyas,pgourleyas@gmpg.org,Petey,Gourley,0pC9SeUGvYAQ,2019-04-25 13:08:26,2021-05-07 02:42:05
tdogertyat,tdogertyat@tmall.com,Tiebold,Dogerty,XfpwVNnfMl,2020-07-01 15:17:22,2018-03-25 17:56:44
dipplettau,dipplettau@washington.edu,Donia,Ipplett,P3LD1kR9GXhe,2020-02-29 16:09:48,2020-06-27 21:21:17
idebankeav,idebankeav@wordpress.com,Imogen,de Banke,nOQAgO3XoC,2019-09-12 01:58:31,2017-09-25 23:01:55
fcarekaw,fcarekaw@51.la,Florance,Carek,E1DxAhRsLf5E,2018-05-09 04:16:58,2018-04-11 02:26:22
meringeyax,meringeyax@fastcompany.com,Magda,Eringey,1FaqtS,2019-04-05 05:44:47,2021-08-12 10:50:41
taleshintsevay,taleshintsevay@squarespace.com,Teodorico,Aleshintsev,x2Ma4txRG,2019-12-13 18:13:30,2020-09-03 02:54:59
nforestallaz,nforestallaz@dell.com,Nollie,Forestall,hFLG0TSB,2018-09-29 23:19:45,2018-04-20 21:02:36
nhaberchamb0,nhaberchamb0@ask.com,Nana,Habercham,CyK4N5,2018-11-22 03:53:15,2018-09-08 04:57:30
lbellefonteb1,lbellefonteb1@purevolume.com,Lishe,Bellefonte,TJCCvX,2020-08-07 12:19:00,2018-10-06 00:33:00
rtoshb2,rtoshb2@twitpic.com,Rory,Tosh,nkTT1R,2018-07-04 20:13:12,2017-01-27 05:52:31
mtrettb3,mtrettb3@marketwatch.com,Mar,Trett,WqTlf8N6tDei,2018-06-20 23:50:00,2019-09-21 17:46:04
cmackeggb4,cmackeggb4@patch.com,Carlie,MacKegg,9AHHXHaF,2021-01-05 05:51:11,2020-02-22 17:36:27
gsaylesb5,gsaylesb5@bluehost.com,Gilbert,Sayles,dL0lZMAT,2019-12-13 23:56:46,2017-12-06 13:03:56
malentyevb6,malentyevb6@gravatar.com,Melamie,Alentyev,pIknqtk0PUKx,2018-02-28 22:12:23,2020-05-10 04:31:15
garnsonb7,garnsonb7@zdnet.com,Gusella,Arnson,aIy7210ie,2019-03-05 05:33:24,2017-12-10 14:45:59
etrinerb8,etrinerb8@reference.com,Emmett,Triner,Vg7gNmyLh,2021-11-08 10:42:30,2021-02-16 04:44:05
pgierathsb9,pgierathsb9@blog.com,Pru,Gieraths,MGlZTX8eDBY8,2018-08-21 05:29:16,2019-11-14 03:34:55
kguierreba,kguierreba@dell.com,Kippar,Guierre,2lQ3IGKOWO,2021-09-14 00:11:09,2021-08-11 12:28:38
hverbrugghenbb,hverbrugghenbb@imdb.com,Hyacinthie,Verbrugghen,hDSzye2M0fPo,2016-12-21 05:03:22,2019-09-25 16:46:37
hwoodlandsbc,hwoodlandsbc@github.com,Hercule,Woodlands,Dr5fdI87,2017-05-22 20:56:55,2019-12-25 01:39:32
gdrysdallbd,gdrysdallbd@ucsd.edu,Guinevere,Drysdall,CRRH3MZcr9b,2021-01-04 21:45:58,2019-03-13 11:29:58
esokellbe,esokellbe@hp.com,Emory,Sokell,ekVtiZQwk,2021-10-03 08:02:50,2020-05-12 09:12:59
stitmussbf,stitmussbf@cmu.edu,Sadie,Titmuss,2nrtxDxDDv,2021-01-26 11:36:01,2018-11-24 09:37:10
cmcgerraghtybg,cmcgerraghtybg@ed.gov,Cherice,McGerraghty,TH7ESe4,2021-05-15 19:30:45,2018-05-20 18:01:48
dhandesbh,dhandesbh@shutterfly.com,Dynah,Handes,k79csqBLxmX,2020-04-11 16:40:35,2018-06-28 22:04:16
lloveringbi,lloveringbi@vinaora.com,Leland,Lovering,FNIJInl8r,2020-06-11 04:22:44,2020-03-01 05:13:01
jrenyardbj,jrenyardbj@time.com,Jasper,Renyard,98UbIBKPuaUd,2021-08-24 17:17:01,2019-07-12 16:09:50
efifieldbk,efifieldbk@geocities.com,Elisabeth,Fifield,6BN4fOuicp,2018-09-14 08:49:16,2020-08-15 22:55:44
ttivnanbl,ttivnanbl@ow.ly,Templeton,Tivnan,GrX5vyYI65,2016-12-21 14:47:47,2020-07-21 22:50:57
rmoreinisbm,rmoreinisbm@alexa.com,Rodney,Moreinis,P2BK3Y,2016-10-15 16:01:09,2020-04-30 19:56:46
rhazzardbn,rhazzardbn@phpbb.com,Reuven,Hazzard,X1S8okLKY,2019-04-17 09:21:45,2021-08-04 23:28:45
jtezurebo,jtezurebo@sohu.com,Johanna,Tezure,cqUOAXfvG6UK,2019-12-19 08:19:45,2019-08-08 23:48:25
mfrancaisbp,mfrancaisbp@sohu.com,Mike,Francais,2W9OZuj3cfU,2021-09-03 04:17:44,2021-02-26 12:08:40
mbranganbq,mbranganbq@123-reg.co.uk,Melissa,Brangan,VVuZ3Kpy,2017-02-05 01:35:15,2019-10-20 15:53:27
fancliffebr,fancliffebr@blogspot.com,Franciska,Ancliffe,BFck39,2019-01-15 10:08:45,2021-03-18 12:50:03
rfranceschibs,rfranceschibs@i2i.jp,Roch,Franceschi,MzeCWsch,2019-08-31 08:05:22,2018-07-22 12:14:09
dgittensbt,dgittensbt@dion.ne.jp,Delmore,Gittens,Qdq17xgfY3B,2020-11-06 13:39:57,2021-10-12 06:26:38
mcampaignebu,mcampaignebu@facebook.com,Myrta,Campaigne,lNIHvqgsYBj,2017-08-12 12:44:49,2017-04-30 09:28:52
jriccardobv,jriccardobv@flickr.com,Jaymee,Riccardo,7Nfy55m,2018-08-03 10:02:02,2018-05-05 05:30:17
dokroybw,dokroybw@ycombinator.com,Doralia,Okroy,3IPbbo0,2018-10-05 15:16:13,2020-07-29 20:18:36
kgilliesbx,kgilliesbx@psu.edu,Katheryn,Gillies,7vGc6l,2019-04-23 10:45:29,2017-01-09 19:24:03
kgibkeby,kgibkeby@earthlink.net,Kennie,Gibke,h94mQTqI46g0,2017-11-17 06:43:26,2020-01-23 18:47:57
cbarwisebz,cbarwisebz@fema.gov,Clerkclaude,Barwise,mSYyUdt,2021-08-30 17:13:38,2017-08-06 22:39:46
alevanec0,alevanec0@nationalgeographic.com,Alexi,Levane,HykvfqpVd,2019-06-03 05:12:51,2019-10-23 16:40:13
hblazic1,hblazic1@boston.com,Hy,Blazi,ErbAXkHAI,2019-08-21 22:02:31,2019-04-30 23:07:32
bgoundryc2,bgoundryc2@berkeley.edu,Blaire,Goundry,Nzt6SIhlGoM,2019-03-14 10:21:55,2020-01-11 12:20:03
nrignoldc3,nrignoldc3@mapquest.com,Nickie,Rignold,NeuyAKu,2018-07-30 15:13:18,2018-01-26 14:45:18
jrablinc4,jrablinc4@usatoday.com,Joann,Rablin,tLumEI5T3z,2018-07-31 13:47:00,2016-12-03 04:57:03
lorfeurc5,lorfeurc5@imdb.com,Link,Orfeur,flE7HwV8n,2017-10-28 07:47:00,2018-11-15 16:29:24
nyekelc6,nyekelc6@sourceforge.net,Nerti,Yekel,yD9Fajp7v,2020-11-19 12:46:31,2021-09-06 19:58:29
eitzigc7,eitzigc7@weebly.com,Ethelda,Itzig,PTcYeZD,2018-12-05 20:15:00,2017-11-06 08:44:33
cgrcicc8,cgrcicc8@cloudflare.com,Car,Grcic,bPPF2SfDm,2017-11-19 18:50:23,2021-03-24 04:25:55
jfindenc9,jfindenc9@timesonline.co.uk,Jasun,Finden,Fm4BwTJvElls,2018-10-25 07:48:42,2019-10-06 22:37:58
jpritchardca,jpritchardca@loc.gov,Jenni,Pritchard,XYaDSVX9hcT,2017-04-16 22:35:09,2019-09-15 08:52:00
lcalderacb,lcalderacb@cmu.edu,Letisha,Caldera,t8MySVq,2020-10-05 03:43:36,2017-12-28 15:22:14
mcockettcc,mcockettcc@google.ru,Maryjane,Cockett,Gm5SapYeZ6,2019-05-10 17:54:10,2019-10-20 10:26:07
mhysomcd,mhysomcd@wikimedia.org,Major,Hysom,3rxlsdbGFvwt,2020-07-06 17:28:52,2021-01-19 14:32:10
pblythece,pblythece@ow.ly,Petronella,Blythe,m0f9TrVWo,2017-01-31 13:50:20,2020-03-10 01:05:58
ditscowicscf,ditscowicscf@stumbleupon.com,Duncan,Itscowics,dSZ9dfIQo,2020-02-26 21:38:31,2019-09-03 13:52:02
emcmullencg,emcmullencg@census.gov,Elinore,McMullen,aGKcfQ2KboLE,2017-11-11 20:27:35,2017-12-02 05:16:42
mblasch,mblasch@businessweek.com,Maressa,Blas,e60etgzRMs,2020-04-01 13:06:47,2019-06-05 16:56:29
atoalci,atoalci@blogtalkradio.com,Ardelia,Toal,1yt4Qs4Zk7,2017-08-28 17:18:59,2020-04-26 06:45:35
cgrestiecj,cgrestiecj@google.de,Cary,Grestie,MlNzOKTf,2017-01-03 00:47:21,2021-04-14 01:19:05
bsinnockck,bsinnockck@friendfeed.com,Bertrand,Sinnock,hZnLKep,2021-04-25 13:50:00,2017-07-07 13:05:17
wsheahancl,wsheahancl@bloomberg.com,Willie,Sheahan,DrYgiAS,2016-11-25 18:35:20,2019-11-19 12:11:35
ddunbletoncm,ddunbletoncm@telegraph.co.uk,Dawna,Dunbleton,5HsBgj4x,2020-12-09 05:31:24,2020-06-19 05:47:17
hholsteincn,hholsteincn@zimbio.com,Hyacintha,Holstein,FT90vuVwiO,2017-04-09 10:01:50,2017-06-30 15:27:48
dcrawco,dcrawco@accuweather.com,Dita,Craw,ychdM6jU8UN,2018-06-12 05:54:43,2017-04-10 15:45:11
kjohanchoncp,kjohanchoncp@wired.com,Karin,Johanchon,2R7RmexrNvB3,2019-02-01 04:59:56,2017-04-02 10:33:30
lpietraszekcq,lpietraszekcq@psu.edu,Lorne,Pietraszek,KMfKn9,2017-01-09 20:05:50,2016-10-19 04:39:15
ceskriettcr,ceskriettcr@domainmarket.com,Carol-jean,Eskriett,WUbna0n1PoZG,2021-03-29 12:45:44,2018-08-26 10:32:17
bgerramcs,bgerramcs@mapquest.com,Beatrisa,Gerram,XqpPeqhV5tW,2019-06-11 16:29:27,2020-06-25 22:10:08
tlingerct,tlingerct@hud.gov,Tamara,Linger,sgTFZr7,2016-12-07 06:03:22,2020-04-18 00:19:23
kmeleskcu,kmeleskcu@chronoengine.com,Kristofor,Melesk,lgZU3gvGC,2017-04-03 15:19:18,2021-10-23 16:53:01
chardisoncv,chardisoncv@theglobeandmail.com,Claybourne,Hardison,UvO3pTt,2018-07-26 10:28:17,2019-12-04 11:28:31
bpiatkowskicw,bpiatkowskicw@thetimes.co.uk,Bentley,Piatkowski,s0JvthwO1,2020-08-28 14:34:32,2020-09-11 01:04:31
mhallsworthcx,mhallsworthcx@slate.com,Moina,Hallsworth,LDxCWw6j1ak4,2019-11-21 06:58:35,2017-11-20 10:07:54
gmcilwraithcy,gmcilwraithcy@paginegialle.it,Georgy,McIlwraith,Rp9WLUhGq,2018-06-21 09:52:53,2019-02-23 04:46:53
mziehmscz,mziehmscz@slashdot.org,Maryellen,Ziehms,c9ZZ4NMJTWuB,2021-05-11 11:43:58,2020-08-28 22:52:48
wwalklingd0,wwalklingd0@yale.edu,Wallace,Walkling,ojTippUi,2018-04-07 14:19:07,2020-01-08 19:10:22
thawkeyd1,thawkeyd1@prlog.org,Tyson,Hawkey,W9k18IpJH,2021-01-11 10:26:29,2020-09-26 05:23:11
cpoeld2,cpoeld2@devhub.com,Cloe,Poel,MK113am,2017-09-11 15:42:00,2020-07-08 20:23:29
lsharpled3,lsharpled3@hc360.com,Lawry,Sharple,MlePOJOb26r,2017-09-26 11:38:00,2019-11-09 07:47:33
brosenbloomd4,brosenbloomd4@sun.com,Breanne,Rosenbloom,gJEb6qj0,2021-04-27 08:23:47,2017-01-25 23:46:03
ihaseldend5,ihaseldend5@mac.com,Izak,Haselden,h3Wobkig,2021-02-06 19:00:32,2017-09-09 05:11:14
bpoyzerd6,bpoyzerd6@unc.edu,Brose,Poyzer,56IUt1Y6,2020-01-07 22:40:02,2020-10-29 21:20:33
ekinglesydd7,ekinglesydd7@ucoz.ru,Emerson,Kinglesyd,JDdXFzqZHzC,2020-06-18 01:58:04,2020-09-27 16:13:08
hdraycottd8,hdraycottd8@barnesandnoble.com,Hayley,Draycott,onLNi526nnM,2018-08-24 19:13:19,2018-04-09 06:50:02
spearmaind9,spearmaind9@howstuffworks.com,Sherwynd,Pearmain,h3I2XZ,2020-07-08 03:34:40,2020-11-09 05:58:30
jlloydwilliamsda,jlloydwilliamsda@cnn.com,Jan,Lloyd-Williams,ADUbGPEb,2020-07-19 19:19:44,2021-01-21 22:49:11
bcordiedb,bcordiedb@blog.com,Burtie,Cordie,gP9OiYUxxt0,2017-05-20 00:43:35,2019-01-15 00:52:27
rkleinmintzdc,rkleinmintzdc@nifty.com,Rosabelle,Kleinmintz,8IXIor,2017-01-21 18:49:14,2021-10-17 18:08:05
afrasconedd,afrasconedd@hibu.com,Artie,Frascone,kpFc7USIiLNW,2017-10-05 21:53:13,2021-04-02 21:28:52
mpilgrimde,mpilgrimde@myspace.com,Mallory,Pilgrim,k0aw8DvE,2020-05-14 17:53:21,2020-04-18 14:55:36
ffolomindf,ffolomindf@woothemes.com,Falito,Folomin,5dwz8GtZ,2018-08-11 05:46:56,2018-08-03 13:18:09
nscarrattdg,nscarrattdg@columbia.edu,Nicoli,Scarratt,q1pdL9,2019-06-15 17:41:29,2018-07-07 09:24:42
jadrianidh,jadrianidh@mysql.com,Janifer,Adriani,KYSkFjjS,2020-01-10 19:14:26,2017-05-21 01:53:11
bmatevosiandi,bmatevosiandi@webmd.com,Bridie,Matevosian,FGA3G5Yq52E,2018-05-09 02:54:04,2021-07-27 06:00:27
mblazedj,mblazedj@sina.com.cn,Murray,Blaze,XdvYzTA,2018-11-26 08:28:00,2020-12-07 00:39:27
gtrodddk,gtrodddk@wunderground.com,Ginevra,Trodd,uRIfOTTtgaL,2016-11-09 18:25:08,2020-12-17 16:54:27
zbalesdl,zbalesdl@cisco.com,Zack,Bales,hGUslFihKM,2021-08-23 01:20:12,2021-05-28 04:38:27
vumfreydm,vumfreydm@ftc.gov,Veronike,Umfrey,jtcJjfxMSPw8,2016-12-21 16:43:03,2020-09-04 08:22:01
lverzeydn,lverzeydn@bravesites.com,Layla,Verzey,kJdla5L3wq6,2017-01-23 05:28:15,2018-04-12 05:45:16
mpinchesdo,mpinchesdo@tumblr.com,Meredith,Pinches,NNo7JHpXS9b,2018-03-03 14:04:26,2021-09-20 14:15:08
bphippindp,bphippindp@webmd.com,Bogart,Phippin,BFT7soi1XOJ6,2018-02-10 02:47:59,2021-11-08 23:48:49
rfinlandq,rfinlandq@list-manage.com,Rafe,Finlan,pYImDo,2021-06-16 09:19:06,2016-10-19 14:43:53
bkilfederdr,bkilfederdr@etsy.com,Britte,Kilfeder,V85A6QUfiu,2017-11-19 06:20:46,2018-12-11 21:55:34
jbordesds,jbordesds@businessweek.com,Jennette,Bordes,KMGWLT8UQ,2020-02-05 20:55:42,2017-08-06 04:13:03
ptottmandt,ptottmandt@upenn.edu,Pearl,Tottman,qAkJLbxw2YHB,2019-03-12 02:48:45,2017-07-01 12:17:56
lrafterydu,lrafterydu@bravesites.com,Laural,Raftery,7g21t4B7,2019-10-12 03:10:17,2019-03-13 16:30:53
jtitcumbdv,jtitcumbdv@gov.uk,Jon,Titcumb,NJ4Efvx4u,2017-02-26 11:22:06,2020-03-31 01:35:35
gwinterbottomdw,gwinterbottomdw@dropbox.com,Gabbi,Winterbottom,1N5Nohw,2020-08-10 10:42:36,2017-08-25 22:06:22
kweeklydx,kweeklydx@earthlink.net,Korney,Weekly,aecRPpQ,2019-08-05 03:11:08,2018-06-06 02:31:35
nwolledgedy,nwolledgedy@cisco.com,Neala,Wolledge,PlwdVB57,2018-03-04 12:10:55,2016-12-25 20:35:22
bvedeshkindz,bvedeshkindz@tinypic.com,Buck,Vedeshkin,g4XDrupQiIE,2018-01-06 18:44:39,2021-06-20 04:38:52
ppearse0,ppearse0@bizjournals.com,Patrizius,Pears,WJ0Rc2F2VXI,2017-10-08 19:05:30,2020-12-30 14:00:30
hcohne1,hcohne1@stumbleupon.com,Hank,Cohn,BZ97pHnf,2021-06-10 20:12:14,2017-12-12 04:59:59
bdasente2,bdasente2@flavors.me,Brendin,Dasent,LmLqJ8F,2018-12-04 22:18:56,2020-07-19 15:31:34
ageorgele3,ageorgele3@mail.ru,Anatol,Georgel,1If5y8Y,2019-10-26 05:16:30,2017-08-03 22:35:20
bminkine4,bminkine4@biblegateway.com,Bobbie,Minkin,Aqz9R0KGZx,2017-07-20 08:18:55,2017-11-19 01:20:55
jkillene5,jkillene5@fastcompany.com,Janaya,Killen,Chz7s0DdoQOL,2020-02-21 15:34:16,2019-02-09 19:55:27
tbernathe6,tbernathe6@simplemachines.org,Thalia,Bernath,8AG2crgaLy,2018-02-26 23:04:55,2017-07-12 20:15:36
vabramie7,vabramie7@about.com,Vidovik,Abrami,ljDfdyMJENcy,2020-05-19 14:37:09,2021-04-14 14:47:36
msheafe8,msheafe8@feedburner.com,Myles,Sheaf,d3E2Vr6e,2020-04-04 13:45:20,2020-06-16 03:17:38
msiville9,msiville9@hp.com,Maure,Sivill,02sXoGNlY63,2018-08-27 10:47:34,2021-10-05 21:45:57
mbaggelleyea,mbaggelleyea@ca.gov,Milly,Baggelley,LH2biheF,2021-01-26 11:05:14,2017-08-17 21:23:17
jlempeleb,jlempeleb@seattletimes.com,Jessamine,Lempel,6IB1pIc,2017-10-26 15:04:17,2018-08-29 03:42:21
kchastneyec,kchastneyec@wix.com,Kanya,Chastney,Y514CYZr3qgr,2019-01-27 20:52:43,2017-01-27 09:18:47
smorvilleed,smorvilleed@fema.gov,Sheelagh,Morville,K06nns,2017-09-04 12:25:42,2017-05-02 06:53:39
cwoottonee,cwoottonee@gravatar.com,Carlie,Wootton,ypdSYWdolXD,2021-10-17 11:40:36,2019-11-09 11:53:13
ldunleavyef,ldunleavyef@wikipedia.org,Lyssa,Dunleavy,xvPSMx2,2017-03-17 19:31:20,2018-01-12 11:53:46
bmincieg,bmincieg@princeton.edu,Berkley,Minci,0340u1FI2b,2021-03-10 12:31:55,2016-12-09 11:36:48
hquakleyeh,hquakleyeh@ovh.net,Hally,Quakley,8YahzgV,2018-05-25 17:34:21,2017-10-17 17:41:03
rdenzilowei,rdenzilowei@boston.com,Rudd,Denzilow,dpJh33kjT87,2017-04-18 20:37:32,2021-05-14 06:38:37
lrowsellej,lrowsellej@gravatar.com,Leslie,Rowsell,dSYTLGP,2017-09-30 09:59:32,2019-08-06 09:20:23
acandishek,acandishek@wufoo.com,Abbie,Candish,9JiTQDTC,2021-05-10 23:58:40,2017-01-08 12:47:35
elupsonel,elupsonel@howstuffworks.com,Eva,Lupson,2haozYipenO,2018-10-27 04:39:46,2019-05-03 23:53:38
mphillottem,mphillottem@yellowbook.com,Mavra,Phillott,TT34OFpOW,2018-03-30 16:18:11,2020-05-28 23:41:20
anevisonen,anevisonen@scribd.com,Alyss,Nevison,6mQZbd7,2018-08-20 08:21:55,2021-09-13 19:40:47
rcossingtoneo,rcossingtoneo@blogger.com,Robina,Cossington,cQe9Ok,2018-03-11 20:13:11,2018-11-01 12:36:42
fbertouloumeep,fbertouloumeep@chronoengine.com,Forrest,Bertouloume,O6ipzGiHqzha,2021-10-04 12:07:43,2020-04-11 08:26:43
asoreaueq,asoreaueq@wikimedia.org,Addi,Soreau,hnhqFvsqG,2020-02-23 09:42:26,2021-01-16 12:24:42
csonnerer,csonnerer@is.gd,Cos,Sonner,NVTiEc1,2018-03-18 11:53:47,2017-01-06 08:01:05
idarquees,idarquees@deliciousdays.com,Ingeberg,Darque,QkHbWBITf,2021-07-13 08:19:07,2020-02-25 10:08:54
kburganet,kburganet@de.vu,Kristi,Burgan,8yTUBND6RD,2017-10-08 18:57:50,2020-11-14 22:49:09
cjoynereu,cjoynereu@hp.com,Cordelia,Joyner,yNAYinkZRyyc,2017-05-15 23:13:20,2019-08-20 06:57:39
atameev,atameev@seesaa.net,Archibaldo,Tame,u22Bm1F,2017-07-10 20:11:13,2020-10-25 00:25:44
pmcgormanew,pmcgormanew@mapquest.com,Philipa,McGorman,vYs5ob60fVb,2021-02-12 13:11:26,2019-09-19 04:03:05
kickovitzex,kickovitzex@wufoo.com,Killie,Ickovitz,H72rpS,2018-10-01 16:19:58,2018-11-12 04:33:45
ebyllamey,ebyllamey@businessinsider.com,Elli,Byllam,lWjQNe4bSU4,2017-06-24 08:04:07,2017-07-31 06:02:46
achelleyez,achelleyez@usnews.com,Aymer,Chelley,Yuydbu,2021-07-03 19:44:00,2019-01-21 14:40:12
rbarensf0,rbarensf0@wordpress.org,Randy,Barens,e9i57RwSsB,2019-10-22 20:42:36,2018-04-01 07:24:40
eshubothamf1,eshubothamf1@alibaba.com,Eugenius,Shubotham,bXOHZbT,2020-06-05 05:54:41,2017-02-09 18:53:08
afinchf2,afinchf2@house.gov,Anabelle,Finch,MBJwXSp6,2018-10-04 22:48:50,2016-10-13 12:30:35
ogouchf3,ogouchf3@posterous.com,Obadiah,Gouch,769P8cgBy6sn,2020-09-04 07:09:20,2016-12-16 23:03:07
bkeef4,bkeef4@admin.ch,Bea,Kee,yd85Ze,2016-12-08 00:42:58,2019-05-14 09:38:46
amckibbenf5,amckibbenf5@apache.org,Agata,McKibben,6tb4ljsMEG,2020-11-19 07:44:19,2020-11-06 23:08:56
amortelf6,amortelf6@prnewswire.com,Ario,Mortel,ie05nMzFIRk,2020-04-06 02:57:44,2020-05-26 18:13:14
rleicesterf7,rleicesterf7@hubpages.com,Rebekah,Leicester,9MxHrP,2021-08-10 01:53:08,2020-10-06 05:02:49
gpointingf8,gpointingf8@elpais.com,Georgine,Pointing,St4FIj2SzQ,2017-02-28 03:54:07,2018-03-17 19:59:45
iwimletf9,iwimletf9@ftc.gov,Ingeborg,Wimlet,DGxF5D6yUSCJ,2019-10-19 18:59:24,2018-02-07 09:14:05
pburchallfa,pburchallfa@reuters.com,Paulita,Burchall,AJxCzh,2017-08-18 00:57:37,2019-04-09 18:11:48
amckearnenfb,amckearnenfb@mysql.com,Annecorinne,McKearnen,YXGWCTjvo,2021-01-14 13:06:05,2016-11-21 10:27:31
rordishfc,rordishfc@usnews.com,Rickie,Ordish,nX2RGiR9,2019-05-18 22:59:19,2020-12-04 11:42:17
mwinmillfd,mwinmillfd@hhs.gov,Marcelo,Winmill,UAdNke06Wwv,2018-04-05 00:49:19,2018-11-16 03:47:39
kwintonfe,kwintonfe@telegraph.co.uk,Kenna,Winton,xyW6p9UTE5,2020-03-31 17:54:05,2021-03-30 10:25:33
speresff,speresff@ebay.com,Shaylah,Peres,l8Ggsu5ck,2020-11-19 09:29:32,2017-10-06 09:33:16
oethertonfg,oethertonfg@reference.com,Oswell,Etherton,GW2tOBIOd1b,2021-06-28 20:14:50,2021-03-03 21:42:39
jmiqueletfh,jmiqueletfh@nba.com,Jacki,Miquelet,dnGXwwjgWE,2017-06-21 22:55:32,2018-11-04 21:42:10
pgloverfi,pgloverfi@fastcompany.com,Phillie,Glover,2IVRJFn,2020-07-01 05:12:03,2020-10-01 19:41:29
bkneafseyfj,bkneafseyfj@businessinsider.com,Benny,Kneafsey,SjIL23ld5,2017-01-07 18:11:54,2020-10-11 18:06:43
jschenkelfk,jschenkelfk@blogger.com,Judith,Schenkel,ix2ISW1dWo,2021-01-22 03:10:12,2020-03-29 23:07:26
bjanosevicfl,bjanosevicfl@cornell.edu,Blancha,Janosevic,rdYF4iwTdXa,2018-01-18 03:07:04,2019-02-05 01:59:13
smckeighanfm,smckeighanfm@elpais.com,Shayne,McKeighan,CEUhj0yG,2020-07-16 13:44:45,2020-07-16 12:06:53
gdrewellfn,gdrewellfn@skype.com,Gaspar,Drewell,jc1vp7z,2018-05-17 06:47:53,2018-02-05 13:29:08
smckinstryfo,smckinstryfo@state.gov,Sayre,McKinstry,EvkM1J06,2017-08-19 02:10:28,2019-06-07 16:35:29
cjeanonfp,cjeanonfp@phpbb.com,Collette,Jeanon,ZmyfYgGP,2021-08-04 02:05:12,2018-11-19 10:45:43
jcalanfq,jcalanfq@wikispaces.com,Juanita,Calan,kNKtVo9VvXK,2020-11-29 05:54:49,2019-11-03 08:39:59
gcollensfr,gcollensfr@kickstarter.com,Gardy,Collens,km7nFHU9O8uz,2017-01-13 01:40:17,2018-11-01 11:34:55
gmckinleyfs,gmckinleyfs@freewebs.com,Gregg,McKinley,rVxN68IlK,2018-04-17 16:04:55,2020-03-22 10:51:38
azavatteroft,azavatteroft@wsj.com,Arnie,Zavattero,jT8DPW,2020-03-21 06:28:53,2017-03-07 16:30:57
kworviellfu,kworviellfu@wunderground.com,Kyle,Worviell,FLqoLEJxz1Uf,2019-05-25 21:43:02,2020-01-26 21:01:11
jrangerfv,jrangerfv@topsy.com,Jehu,Ranger,KRn7KYSj,2021-02-04 12:13:57,2019-09-07 13:36:04
lscobiefw,lscobiefw@mtv.com,Laetitia,Scobie,DoF6dGiHEUh,2021-08-19 09:41:47,2019-03-21 21:49:22
pboxillfx,pboxillfx@typepad.com,Pasquale,Boxill,rY9k0hN9ywhL,2021-01-05 23:43:36,2019-12-16 14:30:27
tleicesterfy,tleicesterfy@usda.gov,Tiff,Leicester,z5p5X5oq,2018-04-16 00:24:28,2019-06-21 14:33:24
zmauntonfz,zmauntonfz@go.com,Zsa zsa,Maunton,gOtyko0YEy,2021-02-05 01:05:46,2019-09-10 00:47:47
smcgarvieg0,smcgarvieg0@accuweather.com,Saraann,McGarvie,eqi3Ul8H8syZ,2020-11-14 17:18:13,2018-12-01 22:13:31
gbroadbereg1,gbroadbereg1@blogger.com,Giff,Broadbere,af3Gt197,2019-04-02 07:28:04,2018-09-28 02:09:35
awintersgillg2,awintersgillg2@microsoft.com,Audra,Wintersgill,CwqY90RrFjB,2016-11-16 23:46:53,2017-07-09 10:36:32
arodmellg3,arodmellg3@blogtalkradio.com,Alexina,Rodmell,NI9Ps7sht,2016-11-29 05:24:24,2021-11-06 05:21:24
gmatheg4,gmatheg4@paginegialle.it,Graehme,Mathe,16FdWkwUVX,2018-09-05 18:25:37,2017-09-30 11:39:12
egarbarg5,egarbarg5@quantcast.com,Eugen,Garbar,J48O2snq,2017-03-22 04:38:18,2017-07-07 15:10:46
tkubasekg6,tkubasekg6@microsoft.com,Tybalt,Kubasek,vNorC73,2018-05-23 03:43:46,2019-08-29 12:23:05
kdefilippig7,kdefilippig7@yahoo.co.jp,Kaycee,De Filippi,NrWVNhHBv,2021-03-21 03:05:54,2016-11-14 14:49:12
chayeng8,chayeng8@blogs.com,Cary,Hayen,itZsrZCd,2016-10-27 20:41:53,2018-07-29 06:30:50
omitchelmoreg9,omitchelmoreg9@instagram.com,Olag,Mitchelmore,gjeYnN88Rr,2020-01-21 09:36:07,2020-05-22 13:23:29
mcullaghga,mcullaghga@mapquest.com,Mireielle,Cullagh,9ibnCbwpO,2018-07-11 04:48:08,2018-05-21 15:09:47
acelesgb,acelesgb@java.com,Adel,Celes,rXIIrNfFvk,2018-05-20 19:52:35,2017-03-19 14:57:14
ikonerdinggc,ikonerdinggc@skyrock.com,Isidor,Konerding,Fne5B7Yh,2020-05-25 07:12:24,2019-09-11 22:13:43
sbaikegd,sbaikegd@virginia.edu,Stephenie,Baike,lz93F4LwX1,2020-08-17 08:34:12,2017-10-04 05:43:24
dgostallge,dgostallge@shareasale.com,Datha,Gostall,ROGSHpcaJ,2021-10-22 11:57:39,2017-11-11 19:27:21
dwasielewskigf,dwasielewskigf@themeforest.net,Darcey,Wasielewski,xz4naoXNsgiV,2019-05-03 21:10:26,2017-04-15 07:22:54
mhallgategg,mhallgategg@g.co,Merrile,Hallgate,XObSQN5ij,2018-08-02 06:25:29,2020-06-02 14:27:51
nabisettigh,nabisettigh@wikispaces.com,Nomi,Abisetti,pkIsG3dIXtPJ,2020-02-22 03:04:22,2017-09-04 02:35:41
iucceligi,iucceligi@craigslist.org,Inger,Ucceli,VemuzEQn,2021-06-04 17:53:31,2019-01-29 02:47:50
jdesortsgj,jdesortsgj@nytimes.com,Jarvis,Desorts,Bg7uSD,2019-12-09 06:59:29,2017-09-27 10:24:12
gbottelstonegk,gbottelstonegk@paginegialle.it,Galven,Bottelstone,bCxhzE8M3,2019-03-08 08:24:11,2017-09-01 22:22:47
hriegergl,hriegergl@diigo.com,Hyacinthie,Rieger,WtuHmbc05,2017-06-27 05:58:43,2018-04-11 05:40:25
nwalshawgm,nwalshawgm@bloglovin.com,Norby,Walshaw,c7k8aLe0gunO,2021-09-22 08:04:40,2020-04-18 19:40:15
opharogn,opharogn@sun.com,Olenka,Pharo,KIqD5PaOPWv,2018-01-30 21:54:34,2018-03-03 14:26:13
tgullefantgo,tgullefantgo@apple.com,Tiena,Gullefant,oG25bZIzXRT,2021-01-04 15:55:51,2019-09-12 05:33:24
cskonegp,cskonegp@jalbum.net,Calli,Skone,yzevS8nNV,2017-06-18 00:47:43,2020-02-07 22:54:18
tocoskerrygq,tocoskerrygq@forbes.com,Tedd,O'Coskerry,Az4q8wsol,2021-03-09 13:36:59,2017-02-28 17:56:48
cmaccaffertygr,cmaccaffertygr@berkeley.edu,Christen,MacCafferty,R8Jd95a,2016-11-25 19:51:38,2021-09-11 04:52:05
rschirakgs,rschirakgs@simplemachines.org,Rogerio,Schirak,5Sq6KUPagM,2018-08-16 23:13:52,2020-04-01 08:40:05
asnellinggt,asnellinggt@accuweather.com,Allyson,Snelling,PlJvthOvE,2019-11-19 08:22:38,2018-03-07 19:12:45
cclurowgu,cclurowgu@photobucket.com,Cory,Clurow,m63ttoLBfv,2016-10-27 17:13:40,2017-06-19 07:09:29
vlinwoodgv,vlinwoodgv@gov.uk,Vinson,Linwood,iOR3GAysYh,2018-06-18 11:26:13,2020-04-02 06:02:58
gclappsongw,gclappsongw@nasa.gov,Giorgio,Clappson,hGDfdH,2019-03-10 02:13:33,2020-09-25 16:00:15
dreihillgx,dreihillgx@newyorker.com,Demetris,Reihill,OyZi2avWSEt,2017-07-22 12:15:09,2017-02-19 02:16:49
jmacegy,jmacegy@wunderground.com,Joshua,Mace,NqWuOFA,2021-06-05 21:17:03,2021-04-18 09:29:20
nlydiardgz,nlydiardgz@edublogs.org,Noll,Lydiard,0bBhIdpr,2017-11-25 05:45:07,2020-01-18 20:26:07
tkepeh0,tkepeh0@goo.gl,Trumaine,Kepe,Fdg7fk,2018-04-04 12:20:04,2017-10-28 17:01:20
rdemangeh1,rdemangeh1@army.mil,Rosabelle,Demange,zkNveHXnO,2020-05-13 10:39:43,2019-01-03 14:25:40
hbrownhallh2,hbrownhallh2@quantcast.com,Hoebart,Brownhall,PqNMMrJTycs,2020-12-31 01:29:01,2019-12-10 23:46:14
afleyh3,afleyh3@slate.com,Ardeen,Fley,Eq29edgJ,2021-05-05 05:01:53,2018-11-07 17:28:03
tcrollah4,tcrollah4@flickr.com,Theodor,Crolla,KHQNq2,2021-05-02 05:36:10,2018-11-23 21:36:51
lpricketth5,lpricketth5@free.fr,Langsdon,Prickett,IWkHCrrY5YK,2018-05-04 16:00:47,2018-09-04 20:47:19
hluckenh6,hluckenh6@ask.com,Hans,Lucken,ZXT8a2z9,2018-09-07 15:49:53,2020-11-21 08:16:35
hsaleryh7,hsaleryh7@people.com.cn,Hirsch,Salery,ZyRQSl,2018-12-23 18:58:02,2021-09-30 02:13:23
jcrawshayh8,jcrawshayh8@deliciousdays.com,Jenifer,Crawshay,fl3jbeLZ,2020-06-21 16:42:23,2020-02-01 18:17:52
amurrisonh9,amurrisonh9@shop-pro.jp,Alia,Murrison,J8VKCB,2021-07-09 13:11:54,2018-12-05 09:16:43
lphaupha,lphaupha@purevolume.com,Laurianne,Phaup,uRRtON,2018-09-05 14:58:14,2021-10-28 14:11:48
glissandrinihb,glissandrinihb@arizona.edu,Giuseppe,Lissandrini,Ft3X6Fl,2020-10-13 07:49:45,2020-06-06 06:15:52
pdinegeshc,pdinegeshc@reddit.com,Paddy,Dineges,uVutBTYE,2020-10-11 23:19:41,2019-02-04 06:53:23
pgoodhd,pgoodhd@wp.com,Padraic,Good,O1boUWxQMYM7,2017-05-12 19:01:33,2018-10-29 14:49:01
vdellenbrookhe,vdellenbrookhe@bluehost.com,Violet,Dellenbrook,eQHuCGAHMC7,2021-06-08 12:39:00,2021-09-07 09:53:46
jcorraohf,jcorraohf@lulu.com,Jaimie,Corrao,DVwQnhMXbQkr,2020-12-04 09:57:13,2018-05-01 20:38:26
langelhg,langelhg@mtv.com,Lanie,Angel,2KxywUY,2017-08-21 19:25:47,2020-05-26 22:27:45
lcrayhh,lcrayhh@netvibes.com,Lissa,Cray,i42Z5QsTQ,2019-01-03 15:42:39,2020-09-14 11:38:24
dpittelhi,dpittelhi@myspace.com,Darn,Pittel,XvQl1cf0E,2019-09-01 14:22:12,2017-12-02 17:46:36
sblaxleyhj,sblaxleyhj@dropbox.com,Sofie,Blaxley,Y21kWEdwc6,2017-10-24 11:30:18,2019-04-11 13:28:42
lgouldiehk,lgouldiehk@goo.gl,Laurens,Gouldie,5ibCIde,2018-02-19 04:08:49,2019-07-25 18:59:53
rguesthl,rguesthl@intel.com,Ruggiero,Guest,YIyIPMzAtH,2019-03-21 19:32:51,2018-07-25 12:00:14
hjosshm,hjosshm@cdc.gov,Hobie,Joss,1jPeWinZ,2017-06-15 16:14:10,2019-10-23 11:12:50
bgrimwadehn,bgrimwadehn@dailymotion.com,Berte,Grimwade,puRJwSJALLsq,2021-09-26 03:19:32,2019-12-31 18:23:54
eprettejohnsho,eprettejohnsho@myspace.com,Eula,Prettejohns,XKRf6D0W5bH3,2020-09-10 21:01:13,2018-10-25 02:19:23
rcawleyhp,rcawleyhp@qq.com,Royce,Cawley,UEfFh0aBhi1,2020-09-08 11:21:43,2021-01-05 03:00:38
tchaffehq,tchaffehq@nih.gov,Tuck,Chaffe,6Wuo4E56,2020-12-23 05:14:25,2021-09-07 02:20:15
etumininihr,etumininihr@oakley.com,Elbertina,Tuminini,Kg7iSzxhC,2016-12-17 14:00:30,2021-07-18 03:50:12
sarnleyhs,sarnleyhs@imageshack.us,Stinky,Arnley,4rN9GfGYbUA,2019-09-16 11:13:36,2021-05-27 03:41:23
hbellochtht,hbellochtht@wordpress.com,Hunt,Bellocht,NcXxDzqqmit5,2019-12-30 19:00:10,2018-10-20 07:04:44
eferrynhu,eferrynhu@shinystat.com,Edgard,Ferryn,51gSOy,2019-03-24 13:45:43,2018-12-28 00:46:15
gklosserhv,gklosserhv@shop-pro.jp,Gwendolyn,Klosser,3M944J,2017-08-21 01:02:31,2018-08-13 17:28:42
khewlingshw,khewlingshw@sphinn.com,Kelcie,Hewlings,8UA02L6,2017-01-10 17:27:01,2017-05-23 21:37:15
cjakohx,cjakohx@jiathis.com,Catrina,Jako,iKArju,2018-08-13 08:42:24,2018-04-03 20:55:25
ccamplejohnhy,ccamplejohnhy@canalblog.com,Constantino,Camplejohn,cZKw4Fi,2021-06-09 07:47:07,2020-08-17 07:50:33
apinsenthz,apinsenthz@surveymonkey.com,Annecorinne,Pinsent,9TOuy3,2017-06-07 17:57:44,2019-09-11 04:46:11
tboatwrighti0,tboatwrighti0@addtoany.com,Thomasina,Boatwright,1GYVYjI,2021-10-20 23:47:15,2018-07-30 10:46:20
gbuyersi1,gbuyersi1@vk.com,Gabie,Buyers,8Xuj7s,2017-07-03 04:01:48,2017-07-19 09:01:33
rlewerenzi2,rlewerenzi2@blog.com,Roselin,Lewerenz,nsQLpREa,2016-11-19 05:10:33,2017-08-21 17:48:25
bfilleri3,bfilleri3@pbs.org,Ben,Filler,46osPaUBvtI,2020-05-28 12:33:50,2019-07-21 00:01:52
atregiddoi4,atregiddoi4@wp.com,Angy,Tregiddo,OfRiZVJ,2017-08-18 23:47:18,2020-05-23 23:12:11
sdawesi5,sdawesi5@ca.gov,Shurlock,Dawes,19WFVEsS,2021-07-20 07:29:54,2021-02-12 03:02:02
ltreveari6,ltreveari6@tinyurl.com,Lurette,Trevear,gXf3TRggCy,2017-10-11 16:59:57,2016-11-05 15:46:34
sstainlandi7,sstainlandi7@thetimes.co.uk,Selby,Stainland,Z9fyuztqF,2019-04-18 07:29:19,2016-12-27 16:34:31
fmoresbyi8,fmoresbyi8@cam.ac.uk,Florencia,Moresby,WF8RkxcvT9g6,2020-01-23 18:17:12,2020-12-01 06:41:55
cclendeningi9,cclendeningi9@cbslocal.com,Corabel,Clendening,K1ORpFR75GOo,2017-08-14 14:29:38,2019-03-05 20:35:59
rhadcockia,rhadcockia@businesswire.com,Rainer,Hadcock,Z5o9souG7Blf,2018-05-29 03:44:34,2017-08-11 16:17:53
eblincoib,eblincoib@wikimedia.org,Eleni,Blinco,2Yb1bUiy,2019-07-12 10:02:59,2018-04-11 23:37:25
gmorrellic,gmorrellic@sbwire.com,Germain,Morrell,JvXiRWKzm4,2016-11-06 19:49:32,2019-12-31 19:13:47
ttylorid,ttylorid@google.co.jp,Terrye,Tylor,sHA74E19CB,2021-09-22 09:14:36,2020-04-19 06:00:38
cschiellie,cschiellie@de.vu,Clyve,Schiell,RzRiZZP,2016-11-11 06:34:22,2019-12-27 08:35:30
wblasingif,wblasingif@weather.com,Wiley,Blasing,E8omipTO2,2021-09-30 10:37:54,2021-10-06 19:14:15
nrabbittig,nrabbittig@vinaora.com,Nicoline,Rabbitt,wYCXt0Q7Zp,2020-01-08 18:50:44,2016-10-31 02:47:33
mbaglanih,mbaglanih@unesco.org,Mozes,Baglan,6vWsOw,2017-02-12 15:43:58,2020-11-05 05:59:01
vfowellii,vfowellii@photobucket.com,Vassily,Fowell,YtU0NM,2018-09-12 14:34:41,2019-04-03 09:56:36
aforrestorij,aforrestorij@reference.com,Amandie,Forrestor,1tQHe3dbu,2021-03-07 07:06:35,2019-02-02 19:09:37
rprestnerik,rprestnerik@sina.com.cn,Rodrigo,Prestner,wtUPYz,2019-10-19 21:12:12,2020-04-01 18:51:23
nrouzetil,nrouzetil@sohu.com,Nicolle,Rouzet,ygdOBO9WuB,2017-10-30 18:56:04,2021-07-07 06:24:01
mtruswellim,mtruswellim@theatlantic.com,Mellicent,Truswell,tgKWvg,2020-10-16 08:53:38,2020-01-08 14:02:05
rsyredin,rsyredin@unesco.org,Ricardo,Syred,qfMCOOIy,2017-12-11 03:45:23,2017-04-12 17:10:34
vpresleyio,vpresleyio@addthis.com,Vivi,Presley,Z1JqHy,2020-02-26 18:47:18,2019-06-21 02:08:45
tmaruskaip,tmaruskaip@w3.org,Teri,Maruska,9A7P51,2019-03-04 05:38:55,2020-06-25 18:51:59
rkesoniq,rkesoniq@ustream.tv,Reuven,Keson,E0TZ4iLHhfsp,2017-09-22 02:11:27,2021-01-17 06:27:57
nodcroftir,nodcroftir@github.io,Nananne,Odcroft,Rkvhuh7,2018-04-11 11:50:47,2019-10-19 04:13:11
tirceis,tirceis@redcross.org,Tanner,Irce,54focco,2017-09-18 06:46:06,2017-03-07 14:05:22
ckildahlit,ckildahlit@admin.ch,Caitlin,Kildahl,yM4XoG,2018-05-23 01:13:51,2018-11-25 03:21:29
nbiagioniiu,nbiagioniiu@pen.io,Nancee,Biagioni,F8R1HkOLrc,2019-02-17 18:47:23,2019-02-22 22:06:11
dhouseniv,dhouseniv@hao123.com,Doralynn,Housen,uZHA6AjH,2018-10-02 20:33:33,2019-02-06 20:56:58
mshuxsmithiw,mshuxsmithiw@gnu.org,Monty,Shuxsmith,zNkM7rpn1rlt,2018-11-23 09:10:11,2017-06-10 23:28:33
cbockingix,cbockingix@biblegateway.com,Carlyle,Bocking,GhHAA59pJ,2021-03-25 00:32:49,2018-07-27 16:30:03
kkeransiy,kkeransiy@ox.ac.uk,Kissiah,Kerans,K9etaTjxdB,2017-02-25 06:53:04,2019-05-30 12:18:38
gmilliniz,gmilliniz@posterous.com,Giraud,Millin,2N22cPM66SSo,2017-04-05 23:21:56,2017-05-15 13:18:21
hsislandj0,hsislandj0@altervista.org,Harley,Sisland,Q1kONqtgrnlQ,2019-08-18 20:07:23,2017-06-07 13:52:47
tcoverlyj1,tcoverlyj1@macromedia.com,Tommie,Coverly,evpvaEq5eCBq,2021-08-03 13:08:08,2020-07-30 05:47:59
gfantonej2,gfantonej2@1688.com,Gina,Fantone,UJY7TQ,2017-08-31 20:58:55,2018-04-16 10:42:53
rbuttrissj3,rbuttrissj3@chronoengine.com,Rosaline,Buttriss,mjdc7eYLfE,2016-12-20 22:24:04,2017-11-06 01:49:57
pbrownj4,pbrownj4@gravatar.com,Pru,Brown,2JfCZp8,2018-06-25 03:10:00,2017-11-23 02:05:45
brobbingsj5,brobbingsj5@ning.com,Brana,Robbings,UjQsGd,2020-12-23 02:01:22,2018-12-23 09:59:45
vkedwardj6,vkedwardj6@europa.eu,Verna,Kedward,Ipcl5yiBHANT,2019-04-08 20:17:50,2019-06-24 23:39:12
bfetherstanj7,bfetherstanj7@com.com,Bryan,Fetherstan,OqzdViK,2021-09-14 23:12:02,2019-02-13 05:23:28
ssweedj8,ssweedj8@google.it,Sher,Sweed,cNpUfA2nJ5,2019-06-06 20:56:09,2017-07-26 01:19:29
pvonhindenburgj9,pvonhindenburgj9@bravesites.com,Pammie,Von Hindenburg,1YWTTdHY,2018-03-09 10:08:02,2021-02-10 11:43:01
kmclevieja,kmclevieja@qq.com,Kennedy,McLevie,qUpwIlOx,2021-10-11 04:46:23,2018-09-02 02:43:16
aswalwelljb,aswalwelljb@multiply.com,Augustin,Swalwell,cAh2kG,2018-11-08 10:03:42,2019-04-04 06:30:07
tdittsonjc,tdittsonjc@barnesandnoble.com,Tonnie,Dittson,Axqe6XpF,2019-09-06 09:01:00,2017-09-08 11:37:24
cdombjd,cdombjd@scientificamerican.com,Chet,Domb,KZn62XMLVR,2020-07-16 17:52:56,2021-03-26 16:05:46
fmcgreilje,fmcgreilje@oakley.com,Flor,McGreil,WIhLWfS,2018-06-09 23:55:26,2020-04-14 12:13:53
jstaterfieldjf,jstaterfieldjf@photobucket.com,Joann,Staterfield,vkyZbSDuFMx,2018-11-24 16:23:29,2021-09-10 00:26:55
lpimbleyjg,lpimbleyjg@jiathis.com,Lorrie,Pimbley,fl2gev,2020-01-01 15:38:51,2019-08-05 07:17:01
ldickjh,ldickjh@fema.gov,Layton,Dick,UN2pPxhSape,2018-01-28 13:44:14,2018-06-29 09:57:08
alaniganji,alaniganji@tiny.cc,Akim,Lanigan,5XvbXgGZYf,2017-05-20 00:19:07,2019-11-23 11:55:25
vpoleyejj,vpoleyejj@theguardian.com,Val,Poleye,9oB1rUEr,2017-01-14 13:07:32,2018-12-14 17:21:16
elongmeadjk,elongmeadjk@google.es,Eva,Longmead,pv9hoH3NxCb,2020-02-11 01:36:43,2021-02-16 13:45:21
bterzijl,bterzijl@china.com.cn,Barbara-anne,Terzi,hSNO5eB2g,2018-05-07 02:27:52,2019-05-08 09:39:31
zourticjm,zourticjm@xing.com,Zachariah,Ourtic,OzSTgjkcAgB,2018-01-21 09:47:39,2020-07-13 11:47:04
rreddihoughjn,rreddihoughjn@cbsnews.com,Roseanna,Reddihough,qLKjB69F,2018-12-06 01:33:49,2017-06-10 23:31:12
mgemlbettjo,mgemlbettjo@google.pl,Mureil,Gemlbett,8GuVDkRknN,2021-04-18 17:47:28,2020-02-25 10:07:15
rmcorkiljp,rmcorkiljp@earthlink.net,Raffarty,McOrkil,cTwN4t,2019-04-26 18:34:08,2020-04-15 07:57:21
ewreifordjq,ewreifordjq@typepad.com,Ewan,Wreiford,WwNe6Ev4Q1lE,2019-08-03 22:27:53,2020-04-20 16:09:50
vduprejr,vduprejr@vimeo.com,Valina,Dupre,k3kC4Ur,2016-10-12 04:22:27,2017-05-24 12:13:14
bbrasseurjs,bbrasseurjs@harvard.edu,Blancha,Brasseur,5cLkcp,2020-10-01 20:39:09,2021-07-26 21:29:38
dmacrinnjt,dmacrinnjt@gnu.org,Douglas,MacRinn,jIq0rTd7cF4,2019-11-24 04:42:25,2020-05-30 22:27:00
cjanczewskiju,cjanczewskiju@nasa.gov,Claybourne,Janczewski,8Eqj1HuKH,2020-08-22 14:50:31,2018-10-01 00:02:27
emolinesjv,emolinesjv@icio.us,Electra,Molines,vOpgg0,2017-06-05 22:33:31,2016-10-30 09:42:23
kogersjw,kogersjw@businessweek.com,Kayne,Ogers,P7SoCO9,2021-03-01 20:22:56,2019-12-28 08:04:40
cwybornjx,cwybornjx@blogger.com,Carlyn,Wyborn,LJ0bB6o0Jxio,2020-10-08 06:48:58,2016-12-31 14:48:04
jmccawjy,jmccawjy@sphinn.com,Jamey,McCaw,JH2ycU,2019-01-03 17:07:30,2020-12-30 05:39:26
ehurtonjz,ehurtonjz@epa.gov,Erminia,Hurton,fieHzd,2019-02-26 20:36:52,2019-07-11 13:23:19
hlovekink0,hlovekink0@mtv.com,Haleigh,Lovekin,1gq9TKngKN6,2018-04-09 07:36:27,2018-09-17 06:19:13
lfreelandk1,lfreelandk1@ezinearticles.com,Lena,Freeland,tfBG1U1d,2017-05-16 12:55:02,2019-03-12 07:46:24
mlightwingk2,mlightwingk2@wiley.com,Malorie,Lightwing,8cbntv9hi,2019-06-10 16:52:44,2019-11-19 12:36:24
cbellowk3,cbellowk3@imgur.com,Clarissa,Bellow,qSFqbg6,2019-09-27 11:05:01,2020-12-07 05:06:04
tsidworthk4,tsidworthk4@tuttocitta.it,Tabina,Sidworth,PFBShuDc1ox,2020-07-20 06:21:44,2021-08-24 12:56:30
kshelbornek5,kshelbornek5@sbwire.com,Kassi,Shelborne,bPNnZWHLjR,2020-10-18 21:37:54,2020-09-02 13:24:01
zdellk6,zdellk6@webnode.com,Zonda,Dell,i0qrdj,2021-04-19 21:49:24,2021-07-10 19:40:21
edearlovek7,edearlovek7@odnoklassniki.ru,Enrichetta,Dearlove,NDXvRaE,2017-11-04 21:53:49,2020-09-30 05:15:05
lwallworthk8,lwallworthk8@nationalgeographic.com,Lidia,Wallworth,NE65f3kI,2020-08-18 23:18:55,2020-06-30 08:34:52
bseilerk9,bseilerk9@ebay.com,Benedict,Seiler,s6M5FroIDt,2020-01-07 16:44:10,2016-12-05 19:19:58
moconnorka,moconnorka@baidu.com,Miguela,O'Connor,l9bWEur,2018-12-03 09:37:11,2020-11-28 18:24:05
vibbitsonkb,vibbitsonkb@miitbeian.gov.cn,Verena,Ibbitson,tuksNdgu5X7,2018-04-02 13:42:03,2020-07-27 14:34:08
aavokc,aavokc@gizmodo.com,Analiese,Avo,6FsaXCj0bf,2018-02-22 02:26:45,2021-02-19 04:07:24
cengelmannkd,cengelmannkd@hatena.ne.jp,Chrystal,Engelmann,WJSfzzX,2019-03-25 04:40:36,2016-12-23 22:39:52
wkruschevke,wkruschevke@cornell.edu,Wakefield,Kruschev,8TGXAuu6T,2021-09-25 21:34:46,2018-12-22 09:00:06
iwadlowkf,iwadlowkf@bloomberg.com,Israel,Wadlow,yPRSlCoo,2019-06-27 15:49:27,2017-12-30 10:42:00
mcregankg,mcregankg@xing.com,Mattias,Cregan,TBnMGlc2W,2021-05-23 01:17:05,2021-04-12 01:24:54
bordemannkh,bordemannkh@twitter.com,Byram,Ordemann,ei1Nvp,2017-01-08 06:24:05,2019-12-02 22:41:06
sgwinnelki,sgwinnelki@flickr.com,Seymour,Gwinnel,sr37JvbnLr,2020-08-11 12:02:24,2020-10-30 04:10:51
gbosmankj,gbosmankj@jiathis.com,Grant,Bosman,2JfG8YxN,2017-01-18 03:07:56,2020-08-03 18:55:10
ghardykk,ghardykk@weather.com,Galina,Hardy,DmmV1dMjw,2020-06-01 14:09:59,2019-09-13 22:09:09
ccordskl,ccordskl@dmoz.org,Cristie,Cords,AHNh0bV,2021-01-10 19:42:29,2018-01-27 13:31:27
dskeldingekm,dskeldingekm@plala.or.jp,Darcie,Skeldinge,dPhYcX8p,2018-09-20 22:11:37,2017-09-24 12:42:04
jocaheykn,jocaheykn@squidoo.com,Jaimie,O'Cahey,v1UuGW,2021-09-16 10:50:33,2021-03-28 12:33:41
kheadeyko,kheadeyko@boston.com,Kaela,Headey,NcQDMhp0,2019-01-17 15:45:09,2019-11-15 01:48:11
tocklandkp,tocklandkp@blogtalkradio.com,Tammara,Ockland,Rw0CEs,2021-03-14 20:55:36,2019-07-09 19:42:24
scallaghankq,scallaghankq@google.com,Scottie,Callaghan,tueM4Uuj,2019-10-24 09:37:42,2017-10-18 11:55:48
dbenaharonkr,dbenaharonkr@merriam-webster.com,Duncan,Ben-Aharon,teYPEX,2020-07-30 13:06:31,2016-11-07 10:22:41
bbriarks,bbriarks@smh.com.au,Blinny,Briar,Z3MAYq,2019-06-18 15:14:46,2017-04-08 08:17:14
gfencottkt,gfencottkt@dell.com,Gael,Fencott,SAJ1bt0U,2018-01-03 00:05:57,2019-09-27 07:08:25
jastleku,jastleku@wufoo.com,Johannes,Astle,G3wLlV,2017-10-29 01:04:20,2021-03-15 02:32:27
jreinhartkv,jreinhartkv@va.gov,Jamison,Reinhart,yJKc6V,2017-02-25 16:21:00,2019-03-06 12:45:24
imakinsonkw,imakinsonkw@alexa.com,Isabeau,Makinson,0LO9I2BLa,2019-11-17 14:42:52,2018-01-08 13:20:55
etiddemankx,etiddemankx@globo.com,Edvard,Tiddeman,fAl5Viz,2017-02-05 13:37:13,2021-07-12 07:51:01
lcolegateky,lcolegateky@cargocollective.com,Livvyy,Colegate,NI3rMn5JTo1,2021-08-19 07:43:47,2021-05-26 06:21:11
wkhosakz,wkhosakz@arstechnica.com,Wally,Khosa,EnkMRAjS,2021-10-13 21:25:29,2017-12-19 19:22:09
jmillhousel0,jmillhousel0@myspace.com,Josefina,Millhouse,YzeOGlVz,2017-12-29 02:25:17,2021-05-30 04:34:25
arockcliffel1,arockcliffel1@goodreads.com,Aloysius,Rockcliffe,xArV787z,2017-04-25 18:00:18,2020-10-25 08:52:52
douryl2,douryl2@ameblo.jp,Diego,Oury,Te3J0vq,2020-06-16 17:42:55,2020-01-29 12:59:36
eshervill3,eshervill3@google.es,Ellsworth,Shervil,9syghLe,2020-05-02 08:41:59,2018-02-18 00:52:07
ivaunel4,ivaunel4@house.gov,Itch,Vaune,zu3MSKNu,2017-10-27 21:13:59,2018-09-05 09:20:51
rplacidol5,rplacidol5@sourceforge.net,Rochelle,Placido,1CAGSi27N,2019-07-14 11:25:47,2017-01-30 23:55:43
lcosynsl6,lcosynsl6@ucla.edu,Lexi,Cosyns,N8xt8tsREdcw,2019-12-28 21:54:49,2019-05-14 04:05:33
ckearlel7,ckearlel7@posterous.com,Carlynn,Kearle,4mBUBh,2018-06-18 02:28:41,2020-07-07 03:11:38
hgatfieldl8,hgatfieldl8@vimeo.com,Hieronymus,Gatfield,ciOXBcK,2020-06-26 18:00:04,2017-09-21 01:20:19
tdemangel9,tdemangel9@edublogs.org,Tilda,Demange,v6cZi0Z3Q,2020-05-01 12:16:57,2018-09-27 18:15:15
ebroadistla,ebroadistla@webnode.com,Earl,Broadist,D5YjoUIyf8R1,2021-10-19 22:26:56,2017-07-21 02:22:13
lringerlb,lringerlb@harvard.edu,Lonnard,Ringer,903VkdrG1,2017-10-13 08:16:32,2017-05-26 22:24:52
mmacardlelc,mmacardlelc@behance.net,Madeleine,MacArdle,OJP1sTNm9,2018-03-20 11:50:56,2017-08-24 11:14:46
gsanpherld,gsanpherld@addtoany.com,Germaine,Sanpher,y18hrfv8sei,2019-04-01 07:04:02,2021-05-03 10:22:46
mmillimoele,mmillimoele@indiatimes.com,Maryl,Millimoe,pnfrVNP49hrs,2021-01-01 05:14:47,2018-07-22 15:02:12
qmullarkeylf,qmullarkeylf@apple.com,Quent,Mullarkey,yCOohr,2021-08-10 05:56:32,2020-10-02 11:40:27
ncuthbertlg,ncuthbertlg@springer.com,Natalya,Cuthbert,46ajJckPbZ,2020-05-23 22:26:33,2020-07-28 05:29:56
btrelevenlh,btrelevenlh@rakuten.co.jp,Basilio,Treleven,BahxwHStwGWC,2021-02-15 22:59:49,2017-02-24 08:07:34
dpashanli,dpashanli@canalblog.com,Donavon,Pashan,F3BXmKDsR,2019-09-25 23:03:18,2019-08-18 00:22:09
fduxbarrylj,fduxbarrylj@imageshack.us,Flint,Duxbarry,40j1WgJZX3,2021-02-15 09:51:50,2021-02-05 03:57:35
mmargaritellilk,mmargaritellilk@google.co.jp,Mitchael,Margaritelli,1edGygliI,2019-07-17 08:19:26,2020-05-05 11:12:52
mdobbiell,mdobbiell@e-recht24.de,Morissa,Dobbie,GR9ATvlca6,2020-10-08 07:46:31,2016-11-22 03:07:49
bsemoradlm,bsemoradlm@blinklist.com,Bobbie,Semorad,qj681ZwMTT,2019-12-23 15:51:49,2020-07-01 05:54:45
mbenoiln,mbenoiln@zdnet.com,Matty,Benoi,ZVcYyq,2018-08-26 12:17:13,2018-09-19 21:51:01
edudmarshlo,edudmarshlo@moonfruit.com,Em,Dudmarsh,h654lScmqN6,2021-08-02 02:29:44,2016-10-13 07:00:30
dupcottlp,dupcottlp@ocn.ne.jp,Doe,Upcott,XDuoASAb,2018-08-28 18:09:49,2018-09-18 06:57:02
rmanonlq,rmanonlq@aol.com,Renie,Manon,worAYBr,2019-09-22 16:24:01,2019-07-29 14:59:25
pmariollelr,pmariollelr@webnode.com,Phillis,Mariolle,eaNlox4,2020-05-13 05:32:13,2020-02-15 15:26:52
atinkerls,atinkerls@reverbnation.com,Alard,Tinker,owRpSBXr,2020-03-15 16:08:15,2021-04-27 20:01:20
fanthoneylt,fanthoneylt@friendfeed.com,Fifine,Anthoney,K35E8Fry,2021-08-18 21:48:16,2017-04-29 07:16:39
hhubbersteylu,hhubbersteylu@hp.com,Hubert,Hubberstey,u6d552TVsl,2020-06-14 20:51:44,2017-01-13 19:43:49
hhaytonlv,hhaytonlv@discovery.com,Henrik,Hayton,yln9uWkd,2021-04-07 20:17:07,2021-01-16 16:53:19
aribbenslw,aribbenslw@tinypic.com,Aili,Ribbens,oRv6S9bldu,2019-01-03 02:00:09,2021-08-24 00:10:03
cbergstramlx,cbergstramlx@yale.edu,Cymbre,Bergstram,3mxXac,2019-06-03 05:15:38,2020-03-07 11:34:55
cleslyly,cleslyly@yellowpages.com,Cyrus,Lesly,wERHye7H,2017-04-01 04:41:03,2020-08-29 23:09:59
lpaviourlz,lpaviourlz@goodreads.com,Lamont,Paviour,nvNllL,2020-11-12 07:16:45,2019-08-11 18:16:48
dcranm0,dcranm0@bing.com,Debee,Cran,cJc1eVN,2020-02-24 01:34:53,2021-03-01 13:36:03
cjacobim1,cjacobim1@wordpress.com,Carlee,Jacobi,V4xnB49t,2017-01-01 09:21:35,2019-01-17 10:04:10
schampem2,schampem2@angelfire.com,Sax,Champe,qYuN90p,2017-08-14 04:40:25,2018-04-16 09:06:03
rlabrowm3,rlabrowm3@google.co.uk,Roderick,Labrow,f7UdDQHTPrE,2019-06-27 15:37:53,2021-04-07 05:51:06
jganingm4,jganingm4@foxnews.com,Janaye,Ganing,za3MKZMS,2021-08-08 10:14:12,2019-03-29 14:49:08
cmcauslandm5,cmcauslandm5@freewebs.com,Cassie,McAusland,Jd9qP9qx7,2020-04-12 22:52:26,2017-11-01 15:03:43
rbainem6,rbainem6@shareasale.com,Retha,Baine,JMjNuR3ZyS,2020-06-08 07:53:13,2020-03-18 09:48:23
vsenechaultm7,vsenechaultm7@gnu.org,Valery,Senechault,vivOyOskVp,2016-12-31 07:49:48,2020-11-15 07:58:22
lmcginlym8,lmcginlym8@economist.com,Lacie,McGinly,CeISDe1c,2020-08-09 04:42:59,2017-04-04 17:59:16
ayouthedm9,ayouthedm9@digg.com,Amble,Youthed,pT79top,2016-12-21 07:24:24,2019-04-17 00:44:31
hstortonma,hstortonma@bloglines.com,Horst,Storton,lJYdL9gCwNl,2019-08-07 20:40:35,2020-10-07 09:13:15
amackinnonmb,amackinnonmb@blogs.com,Aurlie,MacKinnon,lwJRDWyoq,2018-07-30 20:36:22,2019-12-03 13:50:04
rpiddickmc,rpiddickmc@wsj.com,Rennie,Piddick,lm7BCJl9,2020-03-11 04:16:44,2019-03-31 00:36:05
alafontainemd,alafontainemd@census.gov,Afton,Lafontaine,fKd9wArQsaze,2019-03-22 11:20:54,2017-03-16 23:24:34
adantonime,adantonime@live.com,Avril,D'Antoni,iw6F84exu,2017-01-19 04:24:48,2020-09-30 14:10:42
dmcmeartymf,dmcmeartymf@networksolutions.com,Davin,McMearty,pKavXSeU,2019-01-03 01:42:14,2021-09-16 19:55:06
lgallearmg,lgallearmg@homestead.com,Lonna,Gallear,WfuQBY,2019-10-30 13:42:56,2019-10-06 03:55:18
rphliponmh,rphliponmh@mysql.com,Riki,Phlipon,wl22xVaZ,2016-11-24 11:06:10,2021-06-07 12:17:53
omilnemi,omilnemi@harvard.edu,Ottilie,Milne,vfp1EXhH,2017-10-24 13:42:49,2018-08-09 21:39:11
pcampbelldunlopmj,pcampbelldunlopmj@apple.com,Price,Campbell-Dunlop,buotV5Wk,2017-05-02 00:49:35,2017-09-28 11:03:39
dbehningmk,dbehningmk@cornell.edu,Darsie,Behning,7Qqwco14rw4,2017-09-20 06:13:38,2018-01-18 07:04:51
iodooganml,iodooganml@nih.gov,Ibbie,O'Doogan,pbaZ0o1la1,2021-07-02 08:51:49,2017-09-02 20:57:27
jperomm,jperomm@ftc.gov,Jarrad,Pero,AhIQV8,2017-10-30 10:57:01,2019-05-16 05:24:02
aabatemn,aabatemn@rakuten.co.jp,Alanna,Abate,EZFWlMPp,2021-10-14 15:23:27,2021-01-22 03:11:46
kjelkesmo,kjelkesmo@buzzfeed.com,Kleon,Jelkes,QKe9vON,2018-01-02 09:52:02,2019-03-25 09:32:47
kbalmamp,kbalmamp@chron.com,Krishnah,Balma,V5S3rchB,2020-06-20 15:59:41,2018-10-04 06:00:36
bplanemq,bplanemq@livejournal.com,Buiron,Plane,0ejrttiDR,2019-05-24 05:18:38,2017-05-10 05:47:28
kmcwhinniemr,kmcwhinniemr@apple.com,Kasey,McWhinnie,qd796sqHHlYH,2020-09-30 09:50:57,2019-04-01 13:18:41
bdugganms,bdugganms@bigcartel.com,Belva,Duggan,BVd8XpeYq,2021-03-15 12:36:21,2020-06-25 13:53:02
vsturdeymt,vsturdeymt@privacy.gov.au,Vivianne,Sturdey,rmD9tXeYp,2018-03-20 10:12:36,2021-05-03 05:28:24
cannesleymu,cannesleymu@adobe.com,Conny,Annesley,d6gjdsdkS,2018-08-24 19:02:14,2019-10-07 15:04:54
toakenfullmv,toakenfullmv@fotki.com,Tito,Oakenfull,BWv8VwFYVm,2018-03-17 18:35:19,2017-06-30 06:50:23
eburhousemw,eburhousemw@jigsy.com,Emerson,Burhouse,TL4nOj,2018-07-02 08:08:42,2017-12-07 02:42:49
rfawcknermx,rfawcknermx@irs.gov,Raffarty,Fawckner,yLgUX1PlMAuN,2020-11-20 07:08:31,2016-10-28 08:58:44
slondonmy,slondonmy@mtv.com,Suzette,London,IaIvBV,2017-11-12 02:58:16,2018-04-01 07:15:10
dodooganmz,dodooganmz@vinaora.com,Daphna,O'Doogan,yLSb9nvsJ,2018-10-22 13:41:41,2017-03-24 06:10:36
joliven0,joliven0@usnews.com,Jackqueline,Olive,f8QEjToo,2021-06-17 21:07:32,2020-10-02 15:46:33
ebickerstaffen1,ebickerstaffen1@instagram.com,Ewell,Bickerstaffe,yMHzyieusN,2017-12-03 05:03:37,2021-05-01 02:55:43
ddominiakn2,ddominiakn2@hud.gov,Darill,Dominiak,dj80Bylvzjj,2016-12-10 16:58:26,2021-08-14 06:55:20
lblaszczakn3,lblaszczakn3@hhs.gov,Livvie,Blaszczak,04DzOIfzV,2020-01-04 17:53:22,2020-09-13 05:14:11
ababstn4,ababstn4@prnewswire.com,Alleen,Babst,khVJe8cjc,2017-12-27 18:37:00,2019-12-14 14:30:15
lreinan5,lreinan5@usa.gov,Lorette,Reina,XsSZzuY,2021-01-24 16:12:50,2020-07-15 18:36:04
gharwelln6,gharwelln6@furl.net,Goraud,Harwell,y1rlK4hP,2021-10-24 16:42:11,2021-07-19 13:44:33
baldinn7,baldinn7@weibo.com,Bert,Aldin,2lgIY3n,2020-07-12 04:52:28,2017-12-14 04:33:00
askoofn8,askoofn8@kickstarter.com,Allin,Skoof,EdO3K7Vql47y,2017-07-09 07:31:51,2020-10-06 02:22:41
kseviorn9,kseviorn9@vistaprint.com,Kristo,Sevior,PREaj9YB1,2019-08-11 14:10:20,2019-11-07 18:52:18
acrowdyna,acrowdyna@ucsd.edu,Alisun,Crowdy,C40nAmK3kfhw,2021-08-28 06:48:47,2018-12-26 22:36:29
vbichenernb,vbichenernb@gmpg.org,Vania,Bichener,3BaGXWi6e,2021-03-03 18:07:56,2017-01-13 01:41:07
ppabeliknc,ppabeliknc@amazonaws.com,Pet,Pabelik,cOJ3h1kG76sb,2018-03-24 02:51:23,2018-11-30 22:13:54
bfluxnd,bfluxnd@cmu.edu,Bessy,Flux,H9rIdSqP9,2018-04-16 21:23:51,2018-08-01 07:25:22
abeersne,abeersne@goo.ne.jp,Andie,Beers,0uJ2rO9s,2021-08-17 00:17:00,2020-02-13 20:59:53
pcodlingnf,pcodlingnf@nsw.gov.au,Petronilla,Codling,w16VfPhZz5H,2021-09-26 05:56:39,2021-06-10 22:34:15
rpeperellng,rpeperellng@craigslist.org,Reed,Peperell,BaXxw8T8,2021-06-24 07:02:09,2021-10-11 01:33:10
lhampshawnh,lhampshawnh@blogger.com,Livvyy,Hampshaw,nZ8v8KXjMk85,2021-03-17 05:58:47,2018-04-09 09:02:30
tserverni,tserverni@china.com.cn,Tina,Server,mpJ5252t,2016-11-19 00:47:04,2017-05-15 06:47:18
gveschambrenj,gveschambrenj@cnet.com,Gaby,Veschambre,2M6i70,2020-08-12 10:06:04,2021-03-22 01:56:51
rwillimottnk,rwillimottnk@ezinearticles.com,Rodrick,Willimott,9SjIjy,2018-04-12 10:46:09,2017-11-11 04:55:10
tsoltannl,tsoltannl@techcrunch.com,Thomasine,Soltan,rXRI6h5nmVX,2017-09-05 21:08:00,2018-11-20 18:05:17
kbeetonnm,kbeetonnm@vkontakte.ru,Keith,Beeton,AInIPzV3CDD,2018-03-07 15:31:46,2018-05-07 21:23:54
cbeushawnn,cbeushawnn@ucla.edu,Celine,Beushaw,NDrKmu43,2018-11-18 08:16:21,2021-11-09 02:45:16
aaskhamno,aaskhamno@prnewswire.com,Alexi,Askham,bOeBwbf,2020-04-02 06:41:19,2019-12-12 20:24:29
ameynellnp,ameynellnp@nationalgeographic.com,Archy,Meynell,oRZfC8C6Sudx,2019-12-06 07:58:42,2021-09-19 07:43:53
lkabischnq,lkabischnq@list-manage.com,Lynne,Kabisch,5nmVZGVA9lrC,2019-06-07 03:18:38,2021-03-08 01:33:20
lduronr,lduronr@japanpost.jp,Leonelle,Duro,hrYMz3C,2020-04-27 23:18:03,2019-08-31 09:15:38
ascutterns,ascutterns@mtv.com,Al,Scutter,2g74DhM1,2017-02-12 16:12:46,2019-04-13 10:17:25
hgoanent,hgoanent@ow.ly,Harmonie,Goane,iqacyJtb4rag,2021-07-15 08:25:33,2020-11-13 04:18:40
ydictynu,ydictynu@dot.gov,Yorgo,Dicty,pUHdHcm,2017-12-21 15:00:50,2020-02-04 05:36:40
zschwiernv,zschwiernv@posterous.com,Zacharias,Schwier,Bi5lSeX,2017-02-19 02:02:31,2018-12-26 14:05:39
jmachargnw,jmachargnw@ask.com,Joelle,MacHarg,VHcCpN7l,2020-07-08 00:06:28,2020-03-22 16:18:00
ctuckwellnx,ctuckwellnx@so-net.ne.jp,Camile,Tuckwell,cAjv36Tdw22C,2021-09-23 19:44:48,2017-06-03 13:37:09
msliddersny,msliddersny@salon.com,Melania,Slidders,iFi5MFVSOt,2018-09-27 22:31:50,2021-05-31 17:42:13
mdermottnz,mdermottnz@techcrunch.com,Mirelle,Dermott,AcwJllBNuBx3,2019-03-20 21:32:58,2018-03-21 18:40:48
jsinkinsono0,jsinkinsono0@goodreads.com,Jesus,Sinkinson,Zgoh2JZD,2020-01-01 01:40:19,2020-05-05 20:32:19
lebleino1,lebleino1@ow.ly,Latrena,Eblein,n2qAQ2LP,2017-07-03 00:18:42,2017-11-23 07:12:05
cbenjamino2,cbenjamino2@fda.gov,Catrina,Benjamin,c3DJrp,2017-08-19 00:39:14,2019-02-09 08:21:58
umawmano3,umawmano3@deliciousdays.com,Ula,Mawman,eUhwkvKv,2017-05-08 18:45:25,2020-10-17 01:07:50
agurleyo4,agurleyo4@friendfeed.com,Ailis,Gurley,6ceae3spdXy,2020-05-02 03:03:25,2019-09-24 18:47:52
acolleyo5,acolleyo5@discuz.net,Alaric,Colley,tzNRag,2020-10-12 03:46:59,2017-05-29 13:21:42
jdefranciscio6,jdefranciscio6@usa.gov,Jennica,De Francisci,lhs3X3s7zDA,2020-09-07 06:22:53,2019-08-01 23:44:53
klilleycropo7,klilleycropo7@goo.gl,Kalindi,Lilleycrop,Zl8q4U,2021-01-25 02:06:34,2020-12-20 23:16:45
cheadono8,cheadono8@123-reg.co.uk,Carolus,Headon,8pewRB,2019-04-05 06:17:57,2019-11-02 17:53:38
ebuxcyo9,ebuxcyo9@timesonline.co.uk,Elaine,Buxcy,h3rYrS00z8H,2019-05-30 18:59:07,2019-11-27 04:34:30
bdobleoa,bdobleoa@twitpic.com,Brade,Doble,8XCG0Qg0hV,2018-07-14 01:54:50,2017-10-03 05:59:44
emontroseob,emontroseob@youtu.be,Emmalee,Montrose,FaQu1waRuH,2018-03-21 03:59:09,2018-08-06 13:28:33
hmazinoc,hmazinoc@google.nl,Hal,Mazin,zy9nhyKGCFB8,2020-09-19 19:59:35,2019-05-22 19:18:34
myoodallod,myoodallod@blinklist.com,Morris,Yoodall,QIjewbGNGjZ,2017-09-17 02:21:44,2020-05-15 16:45:00
bblackboroughoe,bblackboroughoe@1und1.de,Barry,Blackborough,eW3UNcA,2020-02-29 10:44:59,2018-07-12 19:17:46
cdikleof,cdikleof@wordpress.org,Claudette,Dikle,H7bQcVigju,2021-01-13 06:24:57,2017-08-06 12:51:28
dstoylesog,dstoylesog@reverbnation.com,Dianemarie,Stoyles,EcwfjCHzB,2021-08-06 02:44:55,2019-11-25 13:49:03
zkelletoh,zkelletoh@ask.com,Zabrina,Kellet,zim83kBMXp,2020-04-06 04:48:43,2021-01-17 18:26:25
trockliffeoi,trockliffeoi@addthis.com,Terry,Rockliffe,dcAvrNNHh,2021-09-04 01:57:48,2019-12-17 14:38:49
roneilloj,roneilloj@example.com,Reade,O'Neill,5b2sZ6BE,2020-03-18 18:31:52,2016-11-09 15:52:15
sswinburneok,sswinburneok@mapy.cz,Sherlocke,Swinburne,WeUcj4,2021-03-16 03:48:49,2017-12-26 12:44:19
ebristerol,ebristerol@privacy.gov.au,Egor,Brister,824waGuVs7,2020-10-17 23:01:19,2016-11-19 13:21:12
rburrusom,rburrusom@sbwire.com,Ronny,Burrus,rFDGMir,2019-09-14 09:15:14,2021-05-07 09:56:28
tisaaksohnon,tisaaksohnon@github.com,Tracy,Isaaksohn,w8HnuQ,2017-11-28 22:35:28,2018-06-22 15:42:59
dferrieroioo,dferrieroioo@seesaa.net,Dalt,Ferrieroi,s0ANZIRT5,2020-03-26 12:04:25,2021-07-11 04:44:51
dricksop,dricksop@paginegialle.it,Donavon,Ricks,KscGoa,2018-11-12 03:16:51,2017-02-08 06:42:57
tjirasoq,tjirasoq@ucla.edu,Teddy,Jiras,yLhp42bel,2018-12-11 08:24:50,2021-08-01 10:43:52
myanshonokor,myanshonokor@sphinn.com,Margaux,Yanshonok,G8TvZBI04,2017-03-31 19:05:51,2020-12-10 12:30:15
pbiggsos,pbiggsos@ed.gov,Pam,Biggs,b0B1mHvnaAeA,2020-07-11 19:51:48,2017-01-10 22:17:25
mouverot,mouverot@nbcnews.com,Mollie,Ouver,EMCpp0Kp,2020-02-29 15:36:42,2018-11-03 12:25:04
whacardou,whacardou@canalblog.com,Winonah,Hacard,EjFLCTOT,2017-07-08 04:51:32,2018-09-08 11:31:11
vridgersov,vridgersov@themeforest.net,Vilma,Ridgers,UYMZyBVXWiq,2019-04-04 04:17:48,2018-02-11 08:19:18
calexandrouow,calexandrouow@weibo.com,Case,Alexandrou,sgbpBxFPj,2018-07-04 18:30:13,2016-11-25 18:53:38
oduinbletonox,oduinbletonox@free.fr,Oona,Duinbleton,qNTHn7oqZS,2017-02-20 09:28:09,2019-04-28 17:39:22
dculloteyoy,dculloteyoy@unesco.org,Dulcia,Cullotey,nLzFlIwBwm6,2017-09-04 02:30:38,2020-06-03 04:55:23
delderkinoz,delderkinoz@slideshare.net,Dominic,Elderkin,PGIgZaTEm,2021-03-08 08:55:42,2019-09-09 00:09:10
omcdonaghp0,omcdonaghp0@netlog.com,Osborn,McDonagh,xOQCVOja,2017-10-10 11:20:41,2018-07-14 07:26:54
gciabatterip1,gciabatterip1@qq.com,Gallagher,Ciabatteri,zzJlptLU4Q2,2019-09-05 11:42:46,2016-11-13 02:26:47
jkubanekp2,jkubanekp2@blog.com,Jobina,Kubanek,URC322t3MgU,2020-07-20 15:41:37,2017-10-09 14:34:33
tpolkinhornp3,tpolkinhornp3@elegantthemes.com,Tamarra,Polkinhorn,kwToCjImqAnJ,2019-03-24 12:53:59,2020-09-09 00:24:11
ckyberdp4,ckyberdp4@cocolog-nifty.com,Carol,Kyberd,WSsUZQ,2017-05-04 06:50:28,2021-05-20 12:48:00
rcordellp5,rcordellp5@hostgator.com,Rozina,Cordell,chziYEBk,2020-06-24 07:09:01,2018-11-13 05:11:24
rpietraszekp6,rpietraszekp6@1688.com,Richy,Pietraszek,QL3QGKzxFV,2018-08-25 11:15:53,2017-03-11 15:52:31
cronaynep7,cronaynep7@multiply.com,Cassandra,Ronayne,kJP3UiNgNdM,2018-12-23 16:46:29,2017-01-06 02:08:00
lohairep8,lohairep8@trellian.com,Lenci,O'Haire,vwMPQZ7vBKM,2017-06-16 11:51:06,2017-06-13 22:02:58
sfraysp9,sfraysp9@illinois.edu,Sarah,Frays,dAKLl9wzlT,2019-01-09 08:12:21,2018-11-16 22:18:09
eneevepa,eneevepa@unblog.fr,Eugenio,Neeve,qxa715fQQwZ,2019-08-23 16:16:02,2020-04-10 23:03:51
istormontpb,istormontpb@a8.net,Itch,Stormont,KPfrY6S1,2019-09-29 06:24:51,2018-07-16 21:11:33
sburndredpc,sburndredpc@google.es,Shannen,Burndred,6IMbYa,2019-09-11 17:51:34,2016-12-20 08:06:12
bdodmanpd,bdodmanpd@google.com.hk,Betty,Dodman,m8oR4XdfXaiZ,2021-02-12 16:19:41,2021-08-09 18:03:11
knindpe,knindpe@diigo.com,Kylie,Nind,zO0a27V5,2019-07-07 07:59:23,2019-01-02 20:43:11
bextillpf,bextillpf@utexas.edu,Bryon,Extill,cf6g0shqo7,2019-11-30 11:34:51,2021-07-02 13:39:09
lharfootpg,lharfootpg@craigslist.org,Lorenzo,Harfoot,uPvo2Tq4w,2017-08-15 02:27:46,2021-09-11 13:26:33
smcmurdoph,smcmurdoph@sun.com,Solomon,McMurdo,QAbfDKA,2018-03-03 22:46:16,2020-09-08 09:39:19
bhamespi,bhamespi@reference.com,Bellina,Hames,ouWRqQnA9uYy,2018-08-25 01:23:42,2019-07-03 12:21:40
hknightpj,hknightpj@npr.org,Hannah,Knight,RdUZsbZ,2021-09-09 04:06:26,2018-03-10 05:04:39
hstewartpk,hstewartpk@behance.net,Holly,Stewart,cQlKH6,2019-06-19 07:21:13,2021-11-03 10:31:27
adillestonpl,adillestonpl@kickstarter.com,Annelise,Dilleston,o4t8xk4unN,2021-08-22 21:31:51,2020-06-25 05:29:26
tandrejevicpm,tandrejevicpm@ucoz.com,Thain,Andrejevic,OagDWDq,2021-04-03 16:47:46,2018-12-15 03:40:08
hburypn,hburypn@nasa.gov,Helenelizabeth,Bury,WoFbrU,2019-09-13 16:55:49,2019-03-18 18:51:08
cyearnsleypo,cyearnsleypo@msu.edu,Cleon,Yearnsley,L5ewNx5k,2020-03-14 07:59:31,2019-01-27 09:00:29
ttipladypp,ttipladypp@youtu.be,Thom,Tiplady,CbgvbEwMEMkJ,2021-04-20 06:21:53,2019-08-13 16:05:10
kguerolapq,kguerolapq@purevolume.com,Kai,Guerola,yNIhM8,2021-05-17 19:11:16,2018-05-08 04:57:11
gmaasspr,gmaasspr@irs.gov,Geno,Maass,DV3fGnSFY5UO,2019-07-14 05:12:53,2019-12-22 08:32:05
bcutbushps,bcutbushps@zdnet.com,Brandy,Cutbush,gcPw6D,2021-04-23 13:04:10,2020-06-03 10:26:26
jsimmanspt,jsimmanspt@netscape.com,Juieta,Simmans,jSfDFwty,2020-09-18 02:28:45,2018-09-21 21:37:39
ptreasurepu,ptreasurepu@usnews.com,Phil,Treasure,x45IiLC1OJr,2018-06-07 04:45:39,2020-11-01 04:29:45
mbeamondpv,mbeamondpv@howstuffworks.com,Maison,Beamond,3jKpHFbL,2020-03-11 20:52:30,2019-10-06 02:42:47
ntasselerpw,ntasselerpw@nydailynews.com,Nicholas,Tasseler,qb8t29iv6,2019-05-16 03:53:03,2020-02-02 20:38:17
ablodgettpx,ablodgettpx@fc2.com,Andreana,Blodgett,ju1vmSLoW7Z,2018-11-26 14:26:20,2017-08-02 16:46:37
agreenhowpy,agreenhowpy@springer.com,Alec,Greenhow,qD6uBXV,2019-05-12 22:29:13,2020-06-02 01:50:12
eoxtibypz,eoxtibypz@studiopress.com,Eddy,Oxtiby,BojfpikhdYI,2018-10-01 14:05:48,2017-08-07 10:33:01
kmandresq0,kmandresq0@google.es,Keely,Mandres,QC0LtzB3oB,2018-11-07 21:55:58,2018-10-23 04:46:05
kfundellq1,kfundellq1@reddit.com,Kahaleel,Fundell,oxODNxgJ2RI,2019-08-29 13:46:39,2017-04-18 06:09:06
kpughsleyq2,kpughsleyq2@cnet.com,Katherina,Pughsley,tAah9S8thD,2021-01-29 18:20:02,2019-05-28 21:49:00
tdingateq3,tdingateq3@disqus.com,Thaddeus,Dingate,wuJyJsx,2017-07-12 20:07:58,2017-06-27 18:57:45
mchisholmq4,mchisholmq4@vistaprint.com,Mickie,Chisholm,tEuXypTm5c,2017-03-05 03:07:05,2020-06-12 20:46:04
mwoolastonq5,mwoolastonq5@etsy.com,Martie,Woolaston,CsVp0J,2018-10-03 07:19:17,2018-06-17 11:46:07
ufauningq6,ufauningq6@blinklist.com,Ulick,Fauning,CiWLrd21dtK,2019-09-08 21:47:37,2016-12-22 01:41:24
mtotmanq7,mtotmanq7@sitemeter.com,Matty,Totman,Jup3zM,2017-09-09 06:18:19,2017-11-15 22:27:34
tcantoq8,tcantoq8@techcrunch.com,Thorin,Canto,Izz4ec6Kx,2021-08-12 23:38:44,2019-12-15 06:49:08
mmacanelleyq9,mmacanelleyq9@cisco.com,Mallory,MacAnelley,c51OBKTNR8At,2019-08-27 16:33:12,2021-07-16 21:38:32
btightqa,btightqa@com.com,Bertrando,Tight,v7K7UoLW,2018-04-04 14:39:34,2017-05-09 04:54:44
dgreddenqb,dgreddenqb@shutterfly.com,Donny,Gredden,JXU3KpZ,2019-06-11 15:42:16,2016-11-24 07:16:31
pmcilwainqc,pmcilwainqc@nyu.edu,Patty,McIlwain,QLXGAuHZC,2019-02-10 19:25:46,2018-01-06 17:46:38
rmouattqd,rmouattqd@163.com,Roderich,Mouatt,WXyvyYiK,2019-01-14 10:23:50,2019-01-26 17:29:46
ihenrionqe,ihenrionqe@theguardian.com,Irvine,Henrion,PiOcwjNWl,2020-08-03 10:54:05,2016-10-22 07:06:38
kroartyqf,kroartyqf@soundcloud.com,Kara-lynn,Roarty,It3zLXolgWU,2018-01-22 01:26:51,2021-01-16 17:05:14
docurrineqg,docurrineqg@smugmug.com,Devin,O'Currine,1eDlgupEnNt,2017-10-03 12:30:17,2020-09-10 23:04:41
dskeathqh,dskeathqh@microsoft.com,Donnell,Skeath,2fDszv,2020-08-27 01:42:50,2019-07-25 15:06:32
ydewberryqi,ydewberryqi@reuters.com,Yorke,Dewberry,FRd1UaLd21o,2021-01-04 00:17:05,2017-05-27 13:13:44
htaffeqj,htaffeqj@ehow.com,Hew,Taffe,G4rrqprz9q,2017-12-30 22:15:15,2019-11-05 00:32:50
mmattamqk,mmattamqk@purevolume.com,Marje,Mattam,JUFWMYJ,2021-03-28 12:03:14,2020-01-28 19:54:45
nstrobanql,nstrobanql@gov.uk,Nana,Stroban,F3cMYMzg,2020-04-16 14:05:33,2017-07-07 16:56:14
gbulgerqm,gbulgerqm@jalbum.net,Grantham,Bulger,IEfWDx3GzBL,2021-03-04 05:29:20,2018-04-17 17:00:59
mpellqn,mpellqn@clickbank.net,Miguela,Pell,lQ5Qb5yd4o8,2019-09-14 10:39:24,2020-05-18 23:29:16
bheninghamqo,bheninghamqo@xing.com,Bayard,Heningham,0qMCMW,2021-07-20 10:21:01,2018-03-29 14:59:43
okilbaneqp,okilbaneqp@dmoz.org,Obie,Kilbane,ecOMCCOl,2018-03-26 21:09:11,2020-01-26 04:41:03
nnattrassqq,nnattrassqq@csmonitor.com,Nanon,Nattrass,ky5Bp7XYAA,2021-06-11 00:33:08,2021-02-07 13:23:30
gblackallqr,gblackallqr@rakuten.co.jp,Gonzalo,Blackall,NaIp0xaBO,2017-04-01 20:57:09,2017-10-17 05:47:07
lslogroveqs,lslogroveqs@vk.com,Laney,Slogrove,Nhw4uAXGShf,2021-05-30 10:45:02,2021-05-31 05:05:15
tamesqt,tamesqt@newyorker.com,Tyne,Ames,slZ4aPr6,2017-10-30 12:36:30,2020-06-08 17:09:27
atoupequ,atoupequ@nytimes.com,Alyssa,Toupe,0CmSgw,2019-11-19 05:18:36,2020-05-31 18:15:41
dchevalierqv,dchevalierqv@google.es,Dion,Chevalier,gDDHKR04,2017-11-15 20:45:30,2019-07-20 04:38:46
dharpinqw,dharpinqw@sakura.ne.jp,Doe,Harpin,zu0UgI,2017-09-15 06:17:36,2021-09-14 13:11:50
mbohdenqx,mbohdenqx@printfriendly.com,Marlee,Bohden,e8Tyt5b,2021-06-26 14:35:20,2020-12-07 19:17:38
cpundyqy,cpundyqy@moonfruit.com,Court,Pundy,HPNfucRj,2021-05-19 05:20:01,2021-08-31 18:59:48
pdennerleyqz,pdennerleyqz@webmd.com,Porty,Dennerley,DTFlSJ4,2017-04-14 23:02:08,2021-06-05 18:00:33
ryettsr0,ryettsr0@state.gov,Reginald,Yetts,ATsiULg8,2020-01-02 04:32:41,2020-06-22 15:06:46
nbaxsterr1,nbaxsterr1@wiley.com,Nessa,Baxster,eVvDEYIc4w5,2018-01-02 09:09:54,2019-06-19 12:29:19
gberesfordr2,gberesfordr2@unesco.org,Gaylene,Beresford,2vNLkSh64fOH,2019-03-15 13:33:03,2020-11-23 03:40:33
mjosefsenr3,mjosefsenr3@acquirethisname.com,Marysa,Josefsen,Z0Cqpu,2020-09-06 06:00:03,2016-11-29 23:17:43
vforbesr4,vforbesr4@xing.com,Vivian,Forbes,ySlUC8xDFzux,2019-06-08 17:53:16,2019-02-26 09:16:55
aoleninr5,aoleninr5@google.co.jp,Ashia,Olenin,GtZ0rv0,2016-11-27 04:26:53,2019-05-20 04:23:37
jmacieiczykr6,jmacieiczykr6@usda.gov,Jacynth,Macieiczyk,SRxu0iF,2019-12-21 10:18:12,2021-05-28 15:08:05
chassallr7,chassallr7@flavors.me,Cristobal,Hassall,UlVIaRn5rpe,2019-04-25 21:17:00,2019-01-27 02:42:48
dfrancescr8,dfrancescr8@baidu.com,Dagmar,Francesc,Qh7PFZwV,2017-11-03 16:17:52,2018-09-19 09:32:01
chathwayr9,chathwayr9@uol.com.br,Cari,Hathway,0jGAYO,2020-12-28 18:53:18,2018-06-20 11:36:40
kgatchelra,kgatchelra@patch.com,Karoly,Gatchel,sTMIlWtM,2021-10-11 00:49:40,2017-03-10 07:59:06
mhuntlyrb,mhuntlyrb@sohu.com,Maitilde,Huntly,GEIR9TIG,2021-06-28 18:34:50,2020-11-19 13:55:23
eruberryrc,eruberryrc@smugmug.com,Eugenie,Ruberry,M7t1kJflda,2020-06-17 07:01:45,2018-10-24 02:47:38
dclowesrd,dclowesrd@networkadvertising.org,Dulcinea,Clowes,K3LYYKU4IH,2016-11-19 13:41:23,2020-04-03 13:25:53
cdeamre,cdeamre@arstechnica.com,Chloris,Deam,joMRk6UzYB,2017-01-13 15:29:19,2018-04-17 15:20:10
rrichardrf,rrichardrf@foxnews.com,Robbyn,Richard,6qH7dfT4B,2019-05-11 10:03:27,2021-08-23 14:14:35
bsantinorg,bsantinorg@sogou.com,Berton,Santino,82qRlDvPfO,2021-06-13 14:43:59,2021-05-14 20:36:58
eweedenburgrh,eweedenburgrh@sogou.com,Elva,Weedenburg,tS5vsJmI,2020-02-09 13:56:13,2020-02-06 17:04:22
mcambridgeri,mcambridgeri@issuu.com,Maggee,Cambridge,U2GqYqM0tPm,2021-02-20 17:08:37,2017-09-20 21:49:22
rhowoodrj,rhowoodrj@jiathis.com,Reina,Howood,TK8BdGU,2018-10-14 15:07:44,2018-06-08 21:23:33
tsimork,tsimork@cmu.edu,Tillie,Simo,4pI04D85,2019-01-12 20:19:48,2017-02-26 10:07:36
rnewlingrl,rnewlingrl@bravesites.com,Rosabelle,Newling,npdzkao2,2021-03-03 15:32:55,2018-03-06 09:24:33
madamsonrm,madamsonrm@cisco.com,Marcello,Adamson,xTpeBWRcpakl,2017-03-31 13:04:20,2020-02-14 17:37:25
lgutierrezrn,lgutierrezrn@cafepress.com,Lissa,Gutierrez,TdKB4aiAmKU1,2019-06-17 01:06:47,2017-01-09 16:21:07
xsabbatierro,xsabbatierro@friendfeed.com,Ximenes,Sabbatier,e0EqldeM2s,2018-12-19 23:20:43,2018-11-08 05:01:55
mlacrouxrp,mlacrouxrp@usda.gov,Millicent,Lacroux,XGK9nS0ZQ2AN,2018-10-31 11:41:32,2020-03-19 00:55:48
hburnapprq,hburnapprq@spiegel.de,Harvey,Burnapp,rwd90d,2018-07-12 03:43:07,2019-07-26 04:24:27
sfullaloverr,sfullaloverr@ucsd.edu,Sullivan,Fullalove,UgOl7Z2GdVGD,2019-10-06 20:47:23,2019-11-30 06:15:08
