username,email,first_name,last_name,password,created_at,updated_at
jgrube0,jgrube0@youtu.be,Jackelyn,Grube,LJJS4WSlC,2/18/2021,7/12/2021
rpele1,rpele1@baidu.com,Ravid,Pele,kedvA85,6/16/2020,5/4/2019
adohr2,adohr2@toplist.cz,Ali,Dohr,qXns6L,6/15/2019,10/30/2020
fglanister3,fglanister3@tinyurl.com,Faunie,Glanister,nyVyU5MtbBRI,7/12/2021,1/27/2017
eeidler4,eeidler4@discuz.net,Erika,Eidler,CaipTUfE0msw,7/8/2019,3/15/2017
mdollar5,mdollar5@weibo.com,Marcelline,Dollar,7qqYZ8M6pHW,7/16/2017,1/6/2021
smiddlemass6,smiddlemass6@wikipedia.org,Selma,Middlemass,DfndrL1WV,11/6/2020,1/1/2019
jkibbye7,jkibbye7@smugmug.com,Julieta,Kibbye,4ag2XN0E,4/25/2020,9/22/2020
cteml8,cteml8@engadget.com,Craggy,Teml,EmNJY80u,1/21/2020,6/3/2017
fklezmski9,fklezmski9@trellian.com,Floria,Klezmski,6YjJwQjXRV0,2/26/2021,2/19/2017
dissona,dissona@cmu.edu,Dannye,Isson,wtwPzCCxc,6/22/2017,2/2/2020
dhewesb,dhewesb@4shared.com,Dahlia,Hewes,R62e6Cx3fP,6/27/2020,6/6/2018
opinkec,opinkec@comsenz.com,Olympie,Pinke,WlEA8yB10f,7/21/2018,3/20/2021
nbransomd,nbransomd@uiuc.edu,Nikoletta,Bransom,MwOOzfUTRgJv,3/24/2019,8/3/2018
ffrohocke,ffrohocke@google.pl,Fidelio,Frohock,aR54T1,6/27/2021,7/23/2019
ahazelbyf,ahazelbyf@mozilla.org,Angele,Hazelby,u6dnhynbcg,4/10/2020,9/11/2021
flazellg,flazellg@g.co,Flori,Lazell,2XtkoIaHXs,7/6/2019,8/2/2017
jpavlatah,jpavlatah@booking.com,Jo,Pavlata,njRlaeyQJIuy,12/28/2018,1/6/2018
acallowi,acallowi@unc.edu,Aristotle,Callow,w8Fh17sczSC6,9/16/2018,2/18/2018
ylebanj,ylebanj@scribd.com,Yasmin,Leban,AE8sYZHT,9/28/2018,8/30/2019
wsorek,wsorek@yellowbook.com,Wake,Sore,P7D4Aw8,3/19/2017,9/5/2021
avonoertzenl,avonoertzenl@tinypic.com,Aubine,Von Oertzen,UbygqMV0Lx,9/15/2017,10/6/2020
dbechleym,dbechleym@cyberchimps.com,Delly,Bechley,a89RrReV,7/3/2017,8/30/2019
icomminn,icomminn@amazon.de,Irita,Commin,Aq7lDq,9/26/2019,4/16/2021
dcracieo,dcracieo@statcounter.com,Dolly,Cracie,6VvOoqecO8,12/15/2016,2/27/2020
fyitzowitzp,fyitzowitzp@creativecommons.org,Flint,Yitzowitz,80lP07,7/19/2019,12/30/2017
vharmstonq,vharmstonq@blogger.com,Vikki,Harmston,3vt1Yj2J,7/20/2020,7/7/2018
arosellinir,arosellinir@geocities.com,Augustin,Rosellini,XENkEe6X,9/4/2017,2/8/2017
gillsleys,gillsleys@msn.com,Gardiner,Illsley,k4kUmvjyV,10/18/2019,6/5/2017
mmcleant,mmcleant@salon.com,Markus,McLean,UIcBuL1WbPZ,11/1/2018,6/12/2019
slyptrattu,slyptrattu@ibm.com,Sherilyn,Lyptratt,ZCRwV0rUrZi,8/19/2019,10/14/2020
ascoullarv,ascoullarv@sourceforge.net,Alayne,Scoullar,JiuuZIgFM1zk,8/22/2021,10/19/2019
elowdhamw,elowdhamw@umn.edu,Ella,Lowdham,RVDy2mWCt,3/16/2017,10/29/2018
darmisteadx,darmisteadx@domainmarket.com,Davon,Armistead,fBIMZRUM,10/13/2018,5/4/2017
kspennocky,kspennocky@ftc.gov,Kettie,Spennock,w0l3SA2um,12/19/2019,8/8/2020
smacdaidz,smacdaidz@pinterest.com,Skylar,MacDaid,loA6sk6SB,12/18/2017,11/24/2019
nlangeley10,nlangeley10@nba.com,Natka,Langeley,pE7972,8/4/2021,7/12/2018
calbisser11,calbisser11@state.gov,Chloe,Albisser,NLeNp2BSa91,1/30/2019,8/17/2018
lowens12,lowens12@php.net,Lynea,Owens,3UdRbgwVLWq,5/3/2018,4/11/2019
jmacfadzan13,jmacfadzan13@miitbeian.gov.cn,Jeane,MacFadzan,jri6hsLb0,11/18/2020,7/15/2021
mphelp14,mphelp14@wisc.edu,Mae,Phelp,6zMJaRrTxJlL,10/10/2019,7/12/2017
mgoatcher15,mgoatcher15@nih.gov,Modesty,Goatcher,VnrLMQm,10/8/2018,10/14/2016
vpenwright16,vpenwright16@google.co.uk,Viole,Penwright,cbNk6Q3mC,1/2/2017,7/31/2021
olayman17,olayman17@gmpg.org,Octavius,Layman,2hwYH4e,7/20/2018,2/19/2020
asamwell18,asamwell18@stanford.edu,Araldo,Samwell,nqF59YBFIU,9/23/2021,8/30/2020
hdanielian19,hdanielian19@house.gov,Holmes,Danielian,V9UDJ50x9Dj,10/26/2017,9/9/2020
bmeere1a,bmeere1a@squidoo.com,Boycey,Meere,RZtu39Fqzk,1/24/2021,5/6/2019
kmuzzillo1b,kmuzzillo1b@mozilla.com,Kitty,Muzzillo,gOCszMZ9yhu0,9/12/2020,10/18/2020
apeto1c,apeto1c@macromedia.com,Ashil,Peto,mmMlZxZRzUAr,10/18/2017,10/21/2019
bconsadine1d,bconsadine1d@diigo.com,Bobbe,Consadine,vXIQU1z8DO,10/3/2019,12/19/2019
ahulls1e,ahulls1e@howstuffworks.com,Annmaria,Hulls,kgENep,10/15/2021,4/16/2017
kmcewen1f,kmcewen1f@gov.uk,Kirstyn,McEwen,DtObay,6/5/2020,8/31/2017
lheinecke1g,lheinecke1g@icio.us,Lolly,Heinecke,LJGhGWsgOv,12/11/2020,9/10/2018
kvasnev1h,kvasnev1h@google.cn,Keary,Vasnev,hLwHT6,8/23/2019,11/8/2019
nchecchi1i,nchecchi1i@reference.com,Neel,Checchi,2LYk06c,8/18/2020,10/4/2020
lklimes1j,lklimes1j@so-net.ne.jp,Laurene,Klimes,XcMmCNfQ,5/16/2020,7/19/2019
dcroser1k,dcroser1k@shareasale.com,Dollie,Croser,8uYXD6uaj,3/5/2018,3/10/2021
wkitchin1l,wkitchin1l@prnewswire.com,Washington,Kitchin,WzGHADr,6/4/2020,6/2/2019
psollam1m,psollam1m@360.cn,Prescott,Sollam,HFxRF6CSLjq0,8/10/2020,2/6/2019
rmettericke1n,rmettericke1n@va.gov,Rawley,Mettericke,WGVLNcFGpeuo,1/25/2020,2/9/2017
wteesdale1o,wteesdale1o@nbcnews.com,Willetta,Teesdale,Dfg3WCjDM,7/28/2019,1/20/2017
cstoyle1p,cstoyle1p@latimes.com,Crystie,Stoyle,NwV2lpG,4/25/2017,1/23/2020
kshirtliff1q,kshirtliff1q@wordpress.org,Kacie,Shirtliff,Kz5VB5,2/15/2020,6/24/2018
tkliner1r,tkliner1r@wikispaces.com,Torrence,Kliner,nfJbmw,2/23/2018,11/18/2017
hmillmore1s,hmillmore1s@storify.com,Herculie,Millmore,mCHqzhuMU,6/5/2019,7/7/2018
evaleri1t,evaleri1t@t.co,Elbertina,Valeri,x23VsHFUa,6/22/2018,1/31/2020
jwordsley1u,jwordsley1u@gizmodo.com,Joseph,Wordsley,SYCDnx,12/24/2020,8/3/2020
gimpy1v,gimpy1v@wix.com,Garwood,Impy,EelrD0m,6/24/2018,7/26/2020
rquakley1w,rquakley1w@lycos.com,Roth,Quakley,lZayfQnedj,1/3/2017,6/4/2021
cllop1x,cllop1x@shop-pro.jp,Celinda,Llop,Rod2xH,1/28/2017,11/11/2016
blillico1y,blillico1y@newsvine.com,Brynne,Lillico,FpgPqV8xm,4/7/2018,7/22/2017
fhexham1z,fhexham1z@symantec.com,Fredi,Hexham,D4DSMbNf2lr,8/28/2018,8/20/2020
mragles20,mragles20@liveinternet.ru,Moria,Ragles,YLcfY8xo,7/5/2018,12/26/2016
mseer21,mseer21@state.tx.us,Moyra,Seer,azrgAMXaZ9S,10/24/2021,12/17/2016
kgaddesby22,kgaddesby22@example.com,Karlyn,Gaddesby,RwPEMULs,1/5/2021,5/9/2017
cvanbaaren23,cvanbaaren23@joomla.org,Carmelle,Van Baaren,vvWY0UAl,10/23/2016,8/10/2020
paynsley24,paynsley24@prnewswire.com,Petunia,Aynsley,lbJoFs,2/11/2017,11/10/2020
gclendening25,gclendening25@privacy.gov.au,Gaylor,Clendening,PMeQtA,3/21/2018,8/29/2021
iarrighetti26,iarrighetti26@cbsnews.com,Isaak,Arrighetti,kPiwG47,9/6/2017,4/3/2021
dnursey27,dnursey27@t.co,Del,Nursey,XVXC7g01zyN,11/9/2019,6/22/2019
nmeugens28,nmeugens28@umn.edu,Nadeen,Meugens,5NNlKpMMsm,11/19/2016,9/8/2018
sbraiden29,sbraiden29@gmpg.org,Salmon,Braiden,CIAJk4LDx,10/30/2019,5/7/2019
gbouda2a,gbouda2a@time.com,Gisele,Bouda,nYh1oMrkBc,3/1/2021,3/13/2018
jmanby2b,jmanby2b@arstechnica.com,Juliane,Manby,V5VfZCb8iJHn,2/6/2020,1/3/2017
adyter2c,adyter2c@mapquest.com,Arlen,Dyter,2Zrdu4uDfE11,10/30/2018,7/26/2017
aanchor2d,aanchor2d@thetimes.co.uk,Arturo,Anchor,iPd7v7QfRUW,11/2/2019,8/31/2018
vburr2e,vburr2e@boston.com,Vincenty,Burr,X0m91OxSb8,6/22/2017,10/27/2020
ewaylen2f,ewaylen2f@biblegateway.com,Erin,Waylen,Fr3RyVWh,7/6/2020,4/25/2017
fmatushevich2g,fmatushevich2g@pagesperso-orange.fr,Frederique,Matushevich,xyrNHegbb,9/8/2020,5/1/2019
jbelshaw2h,jbelshaw2h@baidu.com,Jilly,Belshaw,Wxrho2akje,11/9/2021,10/30/2017
wmacias2i,wmacias2i@nature.com,Wilt,Macias,tNtxGq,12/24/2017,12/11/2018
ntirte2j,ntirte2j@networkadvertising.org,Noach,Tirte,ZGnnE5lz,4/23/2018,2/28/2020
cjuppe2k,cjuppe2k@hexun.com,Concordia,Juppe,6p3gEOo,5/10/2019,3/28/2020
dspenton2l,dspenton2l@paginegialle.it,Dona,Spenton,CMQCyo4FlqM,11/29/2017,7/16/2021
jpummell2m,jpummell2m@etsy.com,Jerrome,Pummell,BxwztfqXk7,2/25/2021,4/28/2021
mmaps2n,mmaps2n@tmall.com,Merry,Maps,pSoXBXUsm,10/8/2018,12/5/2020
amaypole2o,amaypole2o@whitehouse.gov,Andris,Maypole,yxxbKIKP,8/12/2020,7/16/2017
vshipton2p,vshipton2p@mail.ru,Vergil,Shipton,ZdzoEcVPj,3/29/2019,6/24/2021
aharfoot2q,aharfoot2q@mail.ru,Aleta,Harfoot,az7r3u,12/6/2017,11/23/2020
mloiseau2r,mloiseau2r@timesonline.co.uk,Merrilee,L'oiseau,oD3a0KcK,10/2/2020,12/24/2020
ajee2s,ajee2s@oracle.com,Annabel,Jee,BDSC1Wp,5/30/2021,5/22/2019
sbarts2t,sbarts2t@npr.org,Shaine,Barts,TKosdbhNRMH,7/8/2019,9/22/2018
kmcbrearty2u,kmcbrearty2u@51.la,Kippar,McBrearty,JrBGyBk,4/24/2021,6/19/2021
astebbing2v,astebbing2v@noaa.gov,Audie,Stebbing,UJYXbe,10/23/2019,1/2/2021
cwailes2w,cwailes2w@illinois.edu,Caryl,Wailes,IlDSbaeHOLAO,4/15/2020,11/26/2017
jhamberstone2x,jhamberstone2x@squarespace.com,Joanna,Hamberstone,UUYCm6lbMNqg,3/8/2017,10/26/2018
mrobart2y,mrobart2y@51.la,Melly,Robart,0KNrHl276Jb,12/11/2017,1/5/2020
mblader2z,mblader2z@dedecms.com,Madeleine,Blader,paAztVZe7zQ,12/14/2018,12/2/2017
hbainton30,hbainton30@google.es,Hedwig,Bainton,ZW9Jg2Zpl66e,5/3/2019,1/26/2021
cwarrilow31,cwarrilow31@hibu.com,Courtney,Warrilow,0I2bOE,9/7/2020,10/22/2016
bgutherson32,bgutherson32@drupal.org,Blayne,Gutherson,FPJypM,3/26/2019,7/30/2017
aagglione33,aagglione33@behance.net,Alanah,Agglione,013XmA2EwC4x,3/17/2018,10/14/2021
mroderick34,mroderick34@amazon.co.jp,Marsha,Roderick,abelIWHtv9q,12/3/2016,6/22/2020
aphilippault35,aphilippault35@gov.uk,Antonina,Philippault,AjjwN6XbPRy,4/16/2021,1/12/2020
uogrowgane36,uogrowgane36@qq.com,Ula,O'Growgane,8CA2zohK,1/27/2021,9/4/2017
glacase37,glacase37@mysql.com,Gregoor,Lacase,vj0ggG,12/24/2017,4/18/2021
ejeafferson38,ejeafferson38@seattletimes.com,Evangelin,Jeafferson,AmvPX9DZT,12/31/2018,8/19/2020
nwelberry39,nwelberry39@xinhuanet.com,Norine,Welberry,0K0A1rb,8/26/2018,1/26/2017
mwardle3a,mwardle3a@oaic.gov.au,Matty,Wardle,CmXHP5LNbSFc,2/3/2020,4/3/2017
mkither3b,mkither3b@networksolutions.com,Mae,Kither,H89TGzeC,7/3/2018,12/18/2020
mhuniwall3c,mhuniwall3c@huffingtonpost.com,Marylin,Huniwall,VbkfCv6TG,12/15/2019,8/15/2019
hferron3d,hferron3d@cdc.gov,Huey,Ferron,IQEMEeF1,10/28/2021,6/28/2020
cbembrick3e,cbembrick3e@nifty.com,Carissa,Bembrick,i5z2HRd,6/20/2019,6/3/2020
omundwell3f,omundwell3f@time.com,Odella,Mundwell,i3YMTj,7/26/2019,12/5/2016
vrainsden3g,vrainsden3g@narod.ru,Vick,Rainsden,8lHNzerO0uH,8/17/2019,7/17/2019
mpaige3h,mpaige3h@cocolog-nifty.com,Maye,Paige,SD2JjoFWLlh,6/2/2018,7/30/2021
aarthars3i,aarthars3i@macromedia.com,Alphonso,Arthars,TymLPdEhc8,1/1/2019,10/2/2019
nrubinowitz3j,nrubinowitz3j@washingtonpost.com,Nevins,Rubinowitz,J1bObkxO1uT,9/7/2017,2/8/2017
scrudgington3k,scrudgington3k@indiatimes.com,Sherri,Crudgington,uYz5tb,4/15/2018,11/24/2018
ehourston3l,ehourston3l@eepurl.com,Eveline,Hourston,Pk4G4FelQ,4/17/2017,12/10/2017
bsaynor3m,bsaynor3m@ifeng.com,Bailey,Saynor,kX3uC9,2/9/2019,10/16/2017
kgooms3n,kgooms3n@cyberchimps.com,Katha,Gooms,EdlI2K7,4/6/2020,1/17/2018
skeyson3o,skeyson3o@exblog.jp,Stephenie,Keyson,6ZjL6th6K,9/4/2020,6/22/2020
ajeanon3p,ajeanon3p@webs.com,Averil,Jeanon,SVG99UFk8P,3/15/2021,7/31/2018
gandres3q,gandres3q@drupal.org,Giralda,Andres,JaTBBgE,5/27/2017,1/8/2021
rbarrabeale3r,rbarrabeale3r@about.me,Rosene,Barrabeale,k0NuljGOt,9/29/2018,5/10/2021
sboyton3s,sboyton3s@delicious.com,Stanley,Boyton,n53MWlH,5/3/2018,8/8/2021
pruckman3t,pruckman3t@wufoo.com,Patricio,Ruckman,3ykNrwDfDKT4,12/29/2018,7/24/2021
jheinsen3u,jheinsen3u@mozilla.com,Jared,Heinsen,Ea8gRQH,1/26/2021,5/14/2019
atousy3v,atousy3v@who.int,Anya,Tousy,Wgmy3g,12/4/2019,9/8/2017
ljakab3w,ljakab3w@vimeo.com,Lydie,Jakab,U5Omkl,5/31/2020,9/7/2017
fchilderley3x,fchilderley3x@mapy.cz,Felisha,Childerley,1VZxlF,3/18/2017,11/5/2018
fgillions3y,fgillions3y@gravatar.com,Forester,Gillions,SaUrc7b7QD,10/12/2017,8/6/2021
scausnett3z,scausnett3z@yandex.ru,Sacha,Causnett,FzjZ1O,8/24/2017,3/22/2019
pbohling40,pbohling40@macromedia.com,Parrnell,Bohling,QzwLG6qFYQ,7/19/2020,7/5/2018
ashury41,ashury41@google.de,Anabelle,Shury,3nKRIbO1v,7/29/2017,8/13/2020
spiser42,spiser42@naver.com,Suzie,Piser,g3cEPTG,6/6/2017,10/26/2018
ydeas43,ydeas43@berkeley.edu,Yolane,Deas,qvekWd8,6/5/2017,4/22/2021
zcarnihan44,zcarnihan44@house.gov,Zerk,Carnihan,F4qtABW,7/26/2021,7/18/2017
adunstone45,adunstone45@hc360.com,Araldo,Dunstone,6DlXNFHf,7/31/2020,10/2/2019
ataffe46,ataffe46@latimes.com,Adel,Taffe,yjJHjoiiQ5,9/24/2017,11/12/2016
kmaccaughan47,kmaccaughan47@devhub.com,Kanya,MacCaughan,LzZkF1l,5/21/2020,11/30/2020
lbolland48,lbolland48@blogs.com,Lindsey,Bolland,5CpzCvcSsAH,10/14/2017,2/6/2021
vpreshous49,vpreshous49@spotify.com,Violet,Preshous,yUqlhuQ,3/23/2017,9/14/2018
tstack4a,tstack4a@springer.com,Tabbi,Stack,DF9spB0deBCn,9/3/2021,10/4/2017
chillum4b,chillum4b@deviantart.com,Carlin,Hillum,8N4j9QoPZRjJ,6/6/2017,12/30/2019
jfrarey4c,jfrarey4c@nsw.gov.au,Jabez,Frarey,DbFbubKEBDt,1/26/2021,2/18/2018
dgedge4d,dgedge4d@nymag.com,Dian,Gedge,GepRyKNes,9/26/2017,2/18/2019
sfarrall4e,sfarrall4e@baidu.com,Somerset,Farrall,np8J5eURP9,6/29/2021,11/8/2018
jmacgregor4f,jmacgregor4f@about.com,Johna,MacGregor,BstiPgoYu,6/9/2021,8/29/2020
lmottershead4g,lmottershead4g@vistaprint.com,Lee,Mottershead,bCfmYhgrZgL,12/4/2018,7/23/2021
fmerington4h,fmerington4h@biblegateway.com,Ferguson,Merington,p4azRp,6/5/2018,2/2/2018
kkilmurry4i,kkilmurry4i@techcrunch.com,Kristos,Kilmurry,aPfnGB,6/1/2018,9/15/2018
hpudan4j,hpudan4j@webnode.com,Hirsch,Pudan,vqR0AHqSZ2,4/12/2020,12/24/2019
egarrigan4k,egarrigan4k@baidu.com,Emlyn,Garrigan,lNsZEL,5/12/2018,11/26/2017
lviollet4l,lviollet4l@ca.gov,Laney,Viollet,nQ9Yj2S,7/15/2019,4/22/2017
sharower4m,sharower4m@shareasale.com,Sallyann,Harower,q0dZWkzUW6M,1/26/2021,10/3/2021
dmccambrois4n,dmccambrois4n@yellowbook.com,Demeter,McCambrois,GM8vO6qKEIn,10/26/2017,7/17/2020
rdowns4o,rdowns4o@feedburner.com,Rosa,Downs,Nb8ecPu3YXf,9/9/2018,6/8/2020
lburcombe4p,lburcombe4p@stanford.edu,Leora,Burcombe,iZ1RQhvDeL,7/2/2020,12/31/2020
sbarends4q,sbarends4q@artisteer.com,Susette,Barends,js2etyrB,9/22/2019,12/8/2018
ptanguy4r,ptanguy4r@istockphoto.com,Patton,Tanguy,cGk9wfwFBjnY,6/5/2019,3/25/2021
rmcdavitt4s,rmcdavitt4s@slate.com,Rance,McDavitt,5aDt37tbIf,5/23/2020,7/13/2020
ndelafont4t,ndelafont4t@ask.com,Nate,Delafont,kHlTAmFB3P,10/17/2016,2/20/2019
fbellany4u,fbellany4u@mit.edu,Frederich,Bellany,ccQIo0ny,12/25/2018,1/4/2020
sfarre4v,sfarre4v@irs.gov,Sonja,Farre,23nXgOLSqq,11/5/2019,12/3/2017
kadger4w,kadger4w@usda.gov,Karlik,Adger,Hqz8TRhtvfLd,1/2/2020,3/10/2020
wjolley4x,wjolley4x@artisteer.com,Woody,Jolley,hy7iwHqo,1/18/2017,1/22/2020
gbaggiani4y,gbaggiani4y@jigsy.com,Goddard,Baggiani,RrfqF5b1sVh3,8/25/2020,6/28/2019
gackenhead4z,gackenhead4z@stanford.edu,Gregor,Ackenhead,h79MVFT3Qi,2/28/2019,9/10/2021
mhazeldean50,mhazeldean50@ask.com,Michaela,Hazeldean,DRqWXGZOy,9/30/2020,5/18/2020
dbase51,dbase51@bbb.org,Denny,Base,HVJE1T2lF,8/26/2019,11/11/2021
oduffyn52,oduffyn52@weibo.com,Oralle,Duffyn,HHQcpuT8o7,1/30/2021,2/5/2020
uommundsen53,uommundsen53@buzzfeed.com,Ugo,Ommundsen,UJMQI3hm1FNV,1/2/2019,2/20/2018
khradsky54,khradsky54@technorati.com,Kit,Hradsky,W0Iwk9w,8/19/2020,6/21/2020
dabrahamovitz55,dabrahamovitz55@hatena.ne.jp,Denise,Abrahamovitz,vuhj9nE,7/8/2021,4/11/2020
nspellward56,nspellward56@wunderground.com,Natty,Spellward,8xfDGds,8/2/2020,12/15/2020
yhutten57,yhutten57@disqus.com,Yuri,Hutten,obKI8XT5Q9N,4/15/2018,3/12/2018
lkelly58,lkelly58@seattletimes.com,Lib,Kelly,ka7TwqfjSnA,1/28/2019,2/1/2019
cstiles59,cstiles59@sciencedirect.com,Corabel,Stiles,pYBVkBiXu,11/17/2018,4/1/2017
mcrop5a,mcrop5a@webeden.co.uk,Martin,Crop,clXQPbbPmzj,3/7/2017,8/31/2019
cvasechkin5b,cvasechkin5b@about.com,Chrisy,Vasechkin,Doa4rX01Vru,6/7/2018,7/18/2021
bbleaden5c,bbleaden5c@utexas.edu,Barbaraanne,Bleaden,vUXV38Qb,12/21/2018,2/20/2020
jstenyng5d,jstenyng5d@exblog.jp,Jacintha,Stenyng,36ekkYnVz,1/2/2021,11/7/2021
slatch5e,slatch5e@jigsy.com,Saxe,Latch,J87Le8,9/21/2018,8/4/2018
abridgwood5f,abridgwood5f@kickstarter.com,Adriano,Bridgwood,jVBVEZ,10/9/2017,9/5/2019
minold5g,minold5g@umich.edu,Manda,Inold,D0aYyELmM,8/30/2017,1/31/2018
bhastin5h,bhastin5h@goo.gl,Bartlet,Hastin,dMiR7rWyUod,4/25/2017,2/24/2017
cclifft5i,cclifft5i@friendfeed.com,Carmelina,Clifft,EjdhYb2bae,10/6/2019,7/23/2019
tniemetz5j,tniemetz5j@4shared.com,Tandi,Niemetz,wVVEZXLlD,10/25/2019,2/14/2018
lmacgaughey5k,lmacgaughey5k@harvard.edu,Lorena,MacGaughey,SLDrh2I,6/4/2021,10/3/2020
wspendlove5l,wspendlove5l@trellian.com,Wes,Spendlove,SGsvQNLC,8/29/2018,1/7/2019
madamsky5m,madamsky5m@hhs.gov,Meryl,Adamsky,CNxRczdP,2/17/2017,8/22/2020
sdidello5n,sdidello5n@1und1.de,Shawna,Di Dello,7Fzm78hUP,1/8/2020,9/2/2021
vnadin5o,vnadin5o@va.gov,Vlad,Nadin,flnHGb3LEPB,5/18/2017,4/5/2019
cpetherick5p,cpetherick5p@goodreads.com,Carlene,Petherick,5nzGGgv,10/9/2019,4/1/2020
bcrat5q,bcrat5q@cbc.ca,Beret,Crat,6gRi7W,11/23/2016,2/24/2020
tszimon5r,tszimon5r@sina.com.cn,Terza,Szimon,KtIRrCdmjp,4/4/2021,12/13/2016
mmathie5s,mmathie5s@seattletimes.com,Mildrid,Mathie,hX9FUIC7D,4/2/2018,2/17/2017
dredihalgh5t,dredihalgh5t@mapquest.com,Dita,Redihalgh,W7EXm4JHq,7/9/2020,5/4/2018
ceisikowitz5u,ceisikowitz5u@youtu.be,Chan,Eisikowitz,YPTewoV3HF,8/8/2018,5/5/2019
cpapierz5v,cpapierz5v@utexas.edu,Chelsae,Papierz,4I3wfi,10/13/2019,9/14/2019
adreher5w,adreher5w@omniture.com,Arv,Dreher,SucMjn,3/19/2019,7/25/2020
mjaqueminet5x,mjaqueminet5x@latimes.com,Marissa,Jaqueminet,hxfwFtbSh09s,2/13/2021,7/9/2020
jbedberry5y,jbedberry5y@miitbeian.gov.cn,Juli,Bedberry,fYimKhX,4/22/2019,12/13/2020
bmcgettrick5z,bmcgettrick5z@guardian.co.uk,Brandy,McGettrick,NRdPRRfjH5o,9/15/2020,2/25/2018
lbolle60,lbolle60@pbs.org,Laurie,Bolle,R1cZlNBEFE,10/29/2018,12/29/2019
tblockey61,tblockey61@independent.co.uk,Tye,Blockey,8qQGHq8yj,5/31/2017,7/7/2017
ssharrocks62,ssharrocks62@list-manage.com,Sven,Sharrocks,Fa6NjfjEzES,4/30/2019,1/29/2020
troma63,troma63@salon.com,Tymon,Roma,NiWzWs7A,10/6/2020,9/11/2021
bmatteo64,bmatteo64@bloomberg.com,Brandi,Matteo,gwKEfxK,11/30/2018,9/1/2019
lsanson65,lsanson65@pen.io,Lilias,Sanson,O8OO8K4B36,4/9/2021,10/6/2021
slummis66,slummis66@princeton.edu,Sherlock,Lummis,BBQmznDsD2l,8/22/2019,4/25/2020
ncristofol67,ncristofol67@mapy.cz,Normie,Cristofol,GeAxd0m,6/6/2019,6/7/2019
draatz68,draatz68@howstuffworks.com,Denys,Raatz,XA6zlmGw,3/29/2020,8/15/2021
skalewe69,skalewe69@tripod.com,Saloma,Kalewe,0KOLBj,6/3/2021,9/29/2019
icorradino6a,icorradino6a@earthlink.net,Ive,Corradino,RNnPDEDyUOB,11/7/2019,5/20/2017
kheinert6b,kheinert6b@google.nl,Karil,Heinert,57Jo3XUV,6/17/2017,12/4/2020
fharradine6c,fharradine6c@goo.ne.jp,Frances,Harradine,Op5e0ARz,2/10/2017,1/3/2020
bneighbour6d,bneighbour6d@meetup.com,Brynne,Neighbour,QaHsuIkKXV,10/11/2017,10/5/2017
dwogdon6e,dwogdon6e@arizona.edu,Dur,Wogdon,pMH9EB0qCC,9/15/2021,7/12/2021
dclowsley6f,dclowsley6f@stumbleupon.com,Drusi,Clowsley,5pS3Ub0ml,1/2/2018,11/3/2021
gfealey6g,gfealey6g@yolasite.com,Garvey,Fealey,FikWctv1kPx2,6/18/2021,9/11/2020
kgamil6h,kgamil6h@creativecommons.org,Kermy,Gamil,sdzb8ydGijU3,12/20/2020,1/20/2020
psingyard6i,psingyard6i@etsy.com,Patton,Singyard,TE4Rn223Lk,3/29/2020,1/13/2021
lcrinson6j,lcrinson6j@gmpg.org,Levin,Crinson,bPjbuz,12/9/2018,12/9/2020
smackstead6k,smackstead6k@themeforest.net,Shane,Mackstead,ZlvlC2f,11/9/2021,10/15/2018
acrompton6l,acrompton6l@wired.com,Alex,Crompton,tVzPgw4yum5,10/5/2018,4/2/2019
sourry6m,sourry6m@tinypic.com,Sascha,Ourry,s9DNvWDd,2/23/2019,11/17/2020
cmargerison6n,cmargerison6n@boston.com,Cobb,Margerison,9xMwi0I,9/1/2018,7/11/2018
mloblie6o,mloblie6o@sun.com,Mohandas,Loblie,6sHh5I6DcE,1/14/2020,10/21/2016
cmathiasen6p,cmathiasen6p@ebay.co.uk,Ceil,Mathiasen,94aaqthE,1/22/2020,7/22/2019
ssearby6q,ssearby6q@answers.com,Seward,Searby,D0dqXRi,8/23/2021,10/28/2020
smacalpine6r,smacalpine6r@mozilla.com,Svend,MacAlpine,aduczaTA,7/18/2020,3/4/2019
abrecken6s,abrecken6s@japanpost.jp,Alfonso,Brecken,XrJTcf5zP,5/3/2021,3/11/2017
pcrossland6t,pcrossland6t@bluehost.com,Paige,Crossland,XmyPuBP,4/5/2019,12/18/2018
bharriot6u,bharriot6u@pen.io,Brande,Harriot,UA3G9YL,2/27/2020,2/6/2018
rphillput6v,rphillput6v@nba.com,Raymund,Phillput,a1qHQDtpmG9H,3/27/2018,4/9/2019
cpurselow6w,cpurselow6w@huffingtonpost.com,Cam,Purselow,JWCmSY1E3t,10/2/2018,6/26/2019
rfaughny6x,rfaughny6x@state.tx.us,Rollin,Faughny,i58ANUOhNSq,3/10/2019,1/19/2017
bdinley6y,bdinley6y@linkedin.com,Bruis,Dinley,JZs3gmTe,9/22/2021,7/26/2017
dshaxby6z,dshaxby6z@unicef.org,Darline,Shaxby,9OvKl9zIP,9/16/2017,6/5/2019
jfarnan70,jfarnan70@usgs.gov,Jordan,Farnan,y2Erf0,5/8/2020,8/30/2018
mkinig71,mkinig71@opera.com,Mara,Kinig,SGqCEju,4/14/2021,2/22/2019
eblundel72,eblundel72@macromedia.com,Ermina,Blundel,xMtDKd,2/22/2019,8/9/2018
chaker73,chaker73@delicious.com,Cliff,Haker,EPvFyOtZ,1/28/2018,9/3/2020
rcutchie74,rcutchie74@mail.ru,Roldan,Cutchie,2jbJhx,1/27/2019,4/10/2018
sfarbrace75,sfarbrace75@howstuffworks.com,Sigismund,Farbrace,Xsde9K9Mnz0,7/23/2017,12/14/2018
cfirpo76,cfirpo76@topsy.com,Celestyna,Firpo,aXtTNvq,12/17/2017,3/14/2019
cnoraway77,cnoraway77@icio.us,Carlin,Noraway,r2sdTkOEIH,9/17/2020,11/10/2016
mcrips78,mcrips78@alibaba.com,Marlee,Crips,VhUWp8zyAedO,9/16/2020,2/15/2017
hmargiotta79,hmargiotta79@sbwire.com,Hephzibah,Margiotta,h00Ah5PVx,12/21/2020,9/23/2021
jskellern7a,jskellern7a@wikipedia.org,Jedd,Skellern,8TQG67p2,12/15/2017,1/2/2020
oraithbie7b,oraithbie7b@senate.gov,Orsa,Raithbie,8TrTtdeWjTRu,4/30/2017,6/24/2021
dhudspith7c,dhudspith7c@illinois.edu,Dalli,Hudspith,KvPQxU96il,8/9/2017,5/29/2017
abrissenden7d,abrissenden7d@cisco.com,Aarika,Brissenden,tD9Jz0oKAN0,12/18/2020,2/11/2017
sturk7e,sturk7e@aboutads.info,Shaughn,Turk,kH7Ah3ciJeMd,10/16/2019,11/18/2017
wbenedicte7f,wbenedicte7f@patch.com,Wright,Benedicte,bxoO08,11/5/2020,7/20/2017
fwaith7g,fwaith7g@simplemachines.org,Franky,Waith,c4jUhisjAX,7/15/2017,1/22/2019
sballston7h,sballston7h@samsung.com,Simonette,Ballston,1rkG13Z0I6e,12/16/2018,9/2/2019
ebilsland7i,ebilsland7i@ucla.edu,Elihu,Bilsland,Vv1wDZPB4R4,9/17/2017,9/12/2021
gtootal7j,gtootal7j@earthlink.net,Gilda,Tootal,ZUWa6bwSOeUc,4/20/2017,4/2/2021
lcastaignet7k,lcastaignet7k@myspace.com,Lewie,Castaignet,oFKfZyhl,12/10/2018,3/13/2020
boloman7l,boloman7l@ovh.net,Bobbie,Oloman,0oG33FR3QMzm,11/26/2016,8/18/2017
jsidney7m,jsidney7m@gmpg.org,Joshuah,Sidney,it2lXW,4/14/2020,1/25/2017
bbauld7n,bbauld7n@archive.org,Bobby,Bauld,M0VEjNN0,8/21/2020,11/11/2018
dbricknell7o,dbricknell7o@goodreads.com,Darda,Bricknell,ycTUryt,1/1/2020,5/24/2021
lpudner7p,lpudner7p@over-blog.com,Lorinda,Pudner,KWAx10tA,8/26/2017,10/17/2018
lsabey7q,lsabey7q@geocities.jp,Law,Sabey,PuGynt,6/11/2018,2/26/2018
wfindlater7r,wfindlater7r@goodreads.com,Wendel,Findlater,i1otWM,7/5/2020,1/5/2021
ikenworthey7s,ikenworthey7s@theglobeandmail.com,Irina,Kenworthey,seCGKVsfQtaD,7/15/2018,3/11/2021
bshewery7t,bshewery7t@pagesperso-orange.fr,Basil,Shewery,c5rRh3jLHwDY,10/26/2016,3/21/2019
siliff7u,siliff7u@ucoz.com,Susana,Iliff,f6UAeuFG4zP,11/14/2020,4/28/2021
pbamfield7v,pbamfield7v@dailymotion.com,Patton,Bamfield,l3Dovi3yeBE5,4/10/2021,6/26/2018
agooms7w,agooms7w@columbia.edu,Alano,Gooms,igL92ddw,10/20/2021,7/12/2017
efowden7x,efowden7x@wordpress.org,Engracia,Fowden,lajEdh88Xbo,11/5/2017,8/28/2021
mbradie7y,mbradie7y@baidu.com,Mortie,Bradie,hjrttB,5/27/2017,4/12/2019
arahlof7z,arahlof7z@netvibes.com,Alysia,Rahlof,rXv3yKlyswOv,1/18/2019,10/11/2021
fezele80,fezele80@wix.com,Fancie,Ezele,PvTZIMvvYd,11/19/2016,1/7/2018
awhitby81,awhitby81@csmonitor.com,Annice,Whitby,0Zc402U,5/19/2020,1/5/2018
gjentle82,gjentle82@phpbb.com,Guglielmo,Jentle,Ecf3OzZAm0,6/6/2017,12/7/2018
gflanner83,gflanner83@last.fm,Goddard,Flanner,UztRXvl,10/5/2021,1/10/2019
cchamney84,cchamney84@nih.gov,Constantina,Chamney,WdmDlxlcBA,12/23/2020,7/5/2020
aseeler85,aseeler85@acquirethisname.com,Amelie,Seeler,1XXmXcN,2/25/2019,5/23/2021
dackery86,dackery86@fc2.com,Drusilla,Ackery,1hOjt5Ay8eMc,2/14/2018,11/2/2017
wiannazzi87,wiannazzi87@tuttocitta.it,Walt,Iannazzi,fyxgwnFqfPZ,4/7/2018,4/25/2019
ccarlone88,ccarlone88@pen.io,Clark,Carlone,gZp1rk9pG7C7,1/22/2017,7/20/2019
tbunt89,tbunt89@domainmarket.com,Timothee,Bunt,QfJ8xKHUg,6/28/2019,6/23/2020
asedgmond8a,asedgmond8a@house.gov,Adham,Sedgmond,YoDdCVp6d1Y6,1/4/2020,12/9/2017
fjerosch8b,fjerosch8b@nhs.uk,Fraser,Jerosch,IB3VQxv,9/21/2017,6/2/2018
jnasey8c,jnasey8c@tuttocitta.it,Jillene,Nasey,JIDciTr53Zv,1/14/2020,7/25/2021
lschwandner8d,lschwandner8d@examiner.com,Lucais,Schwandner,vFlErYnEmaB,2/25/2020,11/11/2020
gsmickle8e,gsmickle8e@behance.net,Goraud,Smickle,J8yMBM1glc,5/14/2020,11/18/2019
lpriscott8f,lpriscott8f@globo.com,Leigh,Priscott,xh73N3Zfb,2/26/2021,11/9/2021
nheugh8g,nheugh8g@mayoclinic.com,Nicolas,Heugh,A1dUuJ5i2Y,3/14/2020,9/15/2020
jospillane8h,jospillane8h@cornell.edu,Janna,O'Spillane,BGApcItgbKf,5/7/2021,9/27/2021
hskahill8i,hskahill8i@deviantart.com,Heath,Skahill,1NLcetpfc,10/15/2019,10/20/2018
geyles8j,geyles8j@barnesandnoble.com,Garry,Eyles,d6zQ3fM,2/7/2019,12/21/2016
ajaher8k,ajaher8k@wsj.com,Augusta,Jaher,T94nFBwE7,4/3/2020,1/17/2019
rclynman8l,rclynman8l@cdc.gov,Roze,Clynman,MMzfjrTX2hWI,7/29/2019,11/4/2020
ddunseath8m,ddunseath8m@utexas.edu,Dorisa,Dunseath,axkAcg5j3iS7,7/10/2019,1/7/2018
hfullwood8n,hfullwood8n@liveinternet.ru,Hettie,Fullwood,Lhlr7P7AiyJ,8/18/2017,12/3/2017
sternouth8o,sternouth8o@mtv.com,Susana,Ternouth,vh2YZIIb4x8,8/7/2018,4/9/2018
dlusty8p,dlusty8p@google.fr,Demott,Lusty,nNQ0RKU,4/23/2018,2/7/2017
mdebenedetti8q,mdebenedetti8q@taobao.com,Marlin,De Benedetti,sZHkqa,5/3/2019,11/2/2021
kwardhaw8r,kwardhaw8r@yahoo.com,Kylen,Wardhaw,twwKqtsT,12/9/2017,8/20/2021
jkingshott8s,jkingshott8s@plala.or.jp,Joell,Kingshott,rVBVQ4kSsbT,9/22/2017,4/15/2021
rmellings8t,rmellings8t@bloglines.com,Rosmunda,Mellings,PiHvlh8pKPL,2/20/2017,9/29/2021
jmcdowall8u,jmcdowall8u@mysql.com,Jeramey,McDowall,2IqZnt2HHQx,3/26/2021,9/18/2020
gthick8v,gthick8v@rambler.ru,Gerrilee,Thick,sk4Kdz,8/3/2021,2/13/2020
hwilkison8w,hwilkison8w@cargocollective.com,Haze,Wilkison,SH4kLH5KS,3/7/2019,11/20/2017
klambole8x,klambole8x@deviantart.com,Kevan,Lambole,k4zXzSlC1,5/28/2020,2/17/2021
aarkley8y,aarkley8y@xing.com,Aaron,Arkley,GsFn9kxA,12/9/2017,11/14/2018
abrotherick8z,abrotherick8z@slideshare.net,Alis,Brotherick,s6iYJL,5/5/2020,6/14/2018
lglowacz90,lglowacz90@unesco.org,Libbi,Glowacz,VpNZM4lv,12/15/2016,3/24/2021
khaughin91,khaughin91@yolasite.com,Kennedy,Haughin,SUg9WIg,8/19/2018,5/22/2021
adelap92,adelap92@auda.org.au,Art,Delap,6OojhKHsl6Dw,10/14/2020,3/16/2021
mchristin93,mchristin93@jigsy.com,Matilda,Christin,PglGcW8kQ,10/20/2019,11/27/2020
sedwards94,sedwards94@jimdo.com,Simona,Edwards,eVvuqjrRhRf,10/12/2016,4/16/2019
mmaunders95,mmaunders95@g.co,Morgun,Maunders,SZCmjyQSGU8,8/16/2017,11/9/2017
dspurritt96,dspurritt96@photobucket.com,Dahlia,Spurritt,MwJAbhDN,2/2/2021,7/16/2019
mplewright97,mplewright97@mapquest.com,Madel,Plewright,Qxw9DUT6,2/3/2020,6/5/2019
jrobion98,jrobion98@ucsd.edu,Jacinta,Robion,Ak0flS,3/14/2019,4/15/2019
szanotti99,szanotti99@joomla.org,Sherye,Zanotti,mwnYHIYUt30,5/19/2019,11/11/2016
dbemrose9a,dbemrose9a@stanford.edu,Deonne,Bemrose,2Svu0u,3/22/2020,12/15/2018
smillhouse9b,smillhouse9b@stumbleupon.com,Stacie,Millhouse,haSHoAyhX,11/7/2017,4/30/2020
nhallaways9c,nhallaways9c@drupal.org,Norean,Hallaways,zJ8nIf,10/12/2020,7/2/2018
kmckelvie9d,kmckelvie9d@unicef.org,Kalila,McKelvie,nzs8FBRqFNax,8/16/2020,3/8/2019
rmeeland9e,rmeeland9e@accuweather.com,Rosemary,Meeland,17TNUnXr,3/27/2018,3/13/2021
ialdridge9f,ialdridge9f@yellowbook.com,Iggie,Aldridge,HkYyCjc,5/9/2020,8/23/2017
rtreagust9g,rtreagust9g@loc.gov,Renae,Treagust,AIpGBx,8/4/2018,5/24/2018
kpallister9h,kpallister9h@lycos.com,Kippy,Pallister,ATyJ0Ju,9/24/2019,9/16/2019
tfinby9i,tfinby9i@umn.edu,Tate,Finby,noMelt,4/30/2019,12/30/2018
pdraye9j,pdraye9j@webs.com,Phillipe,Draye,tS8mcF7,1/27/2020,7/4/2017
fgrayland9k,fgrayland9k@devhub.com,Flore,Grayland,pZrlUHw9bR,12/30/2020,7/21/2017
jschruyer9l,jschruyer9l@amazon.com,Janot,Schruyer,Rp0PU3eFu61,11/17/2018,11/3/2020
rjanny9m,rjanny9m@quantcast.com,Roley,Janny,3B9ZrKj6xO,7/25/2021,10/11/2021
despinheira9n,despinheira9n@dedecms.com,Daron,Espinheira,Nn8PwgibKk,11/27/2020,8/10/2018
evilliers9o,evilliers9o@mtv.com,Enid,Villiers,sDVSn0,6/22/2021,3/13/2021
flogesdale9p,flogesdale9p@sourceforge.net,Franky,Logesdale,rLThqPBefdx3,6/29/2017,2/10/2017
kmurkus9q,kmurkus9q@ihg.com,Kristofer,Murkus,R2Uc6o9S,8/12/2020,1/22/2019
keffaunt9r,keffaunt9r@free.fr,Kara-lynn,Effaunt,LlXX8JVkGTf,10/7/2017,12/16/2020
ameneghelli9s,ameneghelli9s@berkeley.edu,Addy,Meneghelli,mnd1H5c,12/31/2019,8/3/2021
drenshall9t,drenshall9t@ovh.net,Doretta,Renshall,qp5Y72V1U,5/28/2020,10/26/2019
svassel9u,svassel9u@cmu.edu,Sabra,Vassel,JoW4Bm01hx,4/4/2019,1/2/2021
cminear9v,cminear9v@issuu.com,Cassius,Minear,ZRWAF6,9/1/2021,12/22/2018
lprescot9w,lprescot9w@fda.gov,Lucas,Prescot,jEWdV5Qj7,11/5/2016,3/30/2021
cfulkes9x,cfulkes9x@scientificamerican.com,Cheslie,Fulkes,sBkt8Lr,3/15/2021,5/19/2017
efullick9y,efullick9y@google.de,Eddy,Fullick,SlcshCa6AE4Y,7/13/2017,8/18/2017
stomblett9z,stomblett9z@dailymail.co.uk,Selle,Tomblett,fuLVANdu,11/4/2018,12/18/2020
ppowella0,ppowella0@github.io,Pauline,Powell,B66y3A,9/25/2020,11/22/2020
dstevingsa1,dstevingsa1@booking.com,De witt,Stevings,sWU5c2m,5/19/2021,6/7/2017
aboumphreya2,aboumphreya2@creativecommons.org,Alec,Boumphrey,6ZjsY5E4,3/30/2021,8/27/2018
rgerritzena3,rgerritzena3@unesco.org,Rivalee,Gerritzen,9dIHKg,1/1/2019,11/5/2018
cclewleya4,cclewleya4@bbc.co.uk,Christiane,Clewley,bebS0RL,7/22/2019,3/18/2017
dromeroa5,dromeroa5@vistaprint.com,Davis,Romero,AHGdNpGj,3/5/2021,5/16/2021
dantczaka6,dantczaka6@bravesites.com,Dominga,Antczak,TNqUtZvHsL,1/31/2018,3/6/2020
egunninga7,egunninga7@tumblr.com,Eadie,Gunning,kqhRdZtPIqom,2/1/2017,5/7/2021
hkeetsa8,hkeetsa8@delicious.com,Herman,Keets,uiOaYwSQlgX,3/22/2020,5/29/2017
revelyna9,revelyna9@accuweather.com,Revkah,Evelyn,bt2DHl5yY,2/27/2021,6/23/2019
nskeemeraa,nskeemeraa@exblog.jp,Nani,Skeemer,BVBodWpU,12/9/2016,8/19/2020
vconeybeerab,vconeybeerab@mozilla.org,Vittorio,Coneybeer,40i5X2ktPlnF,9/12/2020,12/26/2019
alethardyac,alethardyac@webnode.com,Adolphus,Lethardy,SWAs1RPopn,9/6/2018,5/20/2020
escarfad,escarfad@slideshare.net,Elvyn,Scarf,9RaCjbODUck,9/28/2020,12/25/2016
zwillavizeae,zwillavizeae@jimdo.com,Zorana,Willavize,JfKdHVA,5/22/2019,1/23/2017
edorantaf,edorantaf@cisco.com,Elyssa,Dorant,N4JtbU5IUpp,6/5/2017,5/3/2018
schafneyag,schafneyag@google.com.au,Stefanie,Chafney,hpY2Iylf,5/8/2017,11/14/2017
gmcdoualah,gmcdoualah@ucsd.edu,Gretel,McDoual,7x6dCERaUGdS,8/2/2020,1/1/2018
rfaltskogai,rfaltskogai@smh.com.au,Rosaline,Faltskog,zvGnTpbuVPzm,10/25/2018,3/8/2020
lperfittaj,lperfittaj@kickstarter.com,Lamond,Perfitt,YZyBSNb,4/15/2020,4/10/2018
cwinmanak,cwinmanak@whitehouse.gov,Christen,Winman,bZShC08ZMY,1/15/2018,9/2/2020
fvenningal,fvenningal@live.com,Federico,Venning,7VOdpHRD2U,5/26/2019,12/4/2020
fashenhurstam,fashenhurstam@soundcloud.com,Friederike,Ashenhurst,RN2jw0voLb,8/6/2021,4/22/2019
elimeburneran,elimeburneran@vkontakte.ru,Euphemia,Limeburner,d9PYBs,2/22/2017,5/15/2017
aguymerao,aguymerao@hubpages.com,Abeu,Guymer,O5cYMDN,2/4/2020,1/2/2018
tchessilap,tchessilap@thetimes.co.uk,Tandie,Chessil,zarplSeutUU,11/26/2016,5/19/2021
bkuhnaq,bkuhnaq@taobao.com,Barbaraanne,Kuhn,UoYjpI1u,1/22/2017,10/27/2016
kledburyar,kledburyar@livejournal.com,Kelbee,Ledbury,WXI9KJGP,4/5/2017,3/27/2019
egiacobazzias,egiacobazzias@theglobeandmail.com,Elvera,Giacobazzi,AFoCTexO,5/3/2021,12/8/2017
mjaulmeat,mjaulmeat@theglobeandmail.com,Maribelle,Jaulme,3FjXNj09,5/20/2018,9/15/2021
mdimitrovau,mdimitrovau@shop-pro.jp,Margarette,Dimitrov,VrPZR9mV,7/30/2020,3/19/2019
mbattmanav,mbattmanav@behance.net,Mayor,Battman,rIK1Hx2xHGn,5/12/2018,7/10/2017
dthurlowaw,dthurlowaw@histats.com,Desirae,Thurlow,Y1gJf9xX,11/11/2018,2/16/2020
ktolerax,ktolerax@house.gov,Keane,Toler,2VSeSae3d,8/28/2020,12/13/2016
bredparthay,bredparthay@paginegialle.it,Bari,Redparth,YgAQFtwKNZ,2/27/2018,3/23/2017
ssansunaz,ssansunaz@paginegialle.it,Sargent,Sansun,W0Kcuj24rY,1/12/2021,8/23/2019
mmilmob0,mmilmob0@canalblog.com,Murray,Milmo,LJRMBkBnzx,5/22/2021,3/22/2017
jcameronb1,jcameronb1@army.mil,Jason,Cameron,kvlKD0JqZ,8/29/2020,2/20/2019
cassanteb2,cassanteb2@sina.com.cn,Charley,Assante,dT5ZjNm4A,3/16/2017,12/15/2018
clarkinb3,clarkinb3@cdc.gov,Cliff,Larkin,YS8gbg,9/22/2019,12/27/2016
wkerb4,wkerb4@studiopress.com,Wolf,Ker,tawLAqq8,10/7/2020,2/7/2020
sjeskeb5,sjeskeb5@photobucket.com,Sallyanne,Jeske,qIDq7OEqbUBB,11/3/2021,3/28/2018
ayuryaevb6,ayuryaevb6@macromedia.com,Ame,Yuryaev,dyorKw5a5H,1/11/2017,10/10/2021
tcleenb7,tcleenb7@amazon.com,Terrel,Cleen,1zu6Uu9,1/6/2021,2/26/2021
triseleyb8,triseleyb8@weibo.com,Torin,Riseley,wjjI3ebJWCKa,1/23/2020,9/8/2017
cjolinb9,cjolinb9@indiatimes.com,Cristabel,Jolin,JbPY0Vk,4/23/2018,11/22/2016
gkleimtba,gkleimtba@ucoz.ru,Griffin,Kleimt,9FW3CXUj,11/21/2019,11/25/2016
jgallahuebb,jgallahuebb@webmd.com,Jerad,Gallahue,MCdG39,11/10/2018,12/6/2019
amaccaghanbc,amaccaghanbc@geocities.com,Arly,MacCaghan,CqGXzdjyy,11/15/2020,11/23/2017
mollenbuttelbd,mollenbuttelbd@quantcast.com,Menard,Ollenbuttel,3FyVD7DHgVbi,11/10/2021,9/27/2020
tissakovbe,tissakovbe@patch.com,Tandie,Issakov,oBx0vxt,11/16/2020,4/11/2021
jgillonbf,jgillonbf@redcross.org,Jade,Gillon,mmA72LuJnqJ,8/21/2020,9/25/2019
lplailbg,lplailbg@slideshare.net,Lynna,Plail,vOWceaCxA40O,9/20/2018,6/24/2020
amacdaidbh,amacdaidbh@illinois.edu,Allianora,MacDaid,6TJSAc8VD,6/7/2019,12/4/2019
cgossartbi,cgossartbi@guardian.co.uk,Curt,Gossart,dlK4Oa,9/24/2018,12/7/2019
kbathoebj,kbathoebj@soup.io,Keelby,Bathoe,yQQX8MTtPbS6,7/20/2017,8/25/2019
dovettbk,dovettbk@free.fr,Dael,Ovett,rwlyXqMSjO,4/13/2019,5/15/2021
divanyukovbl,divanyukovbl@ustream.tv,Delphinia,Ivanyukov,35KrgewotP,4/6/2021,8/25/2020
tnugentbm,tnugentbm@huffingtonpost.com,Teri,Nugent,ymK1rZk0EPu,2/11/2018,7/13/2020
dinglesentbn,dinglesentbn@mashable.com,Debor,Inglesent,kYKkANfdg4Q,8/17/2019,4/27/2020
cmatchambo,cmatchambo@independent.co.uk,Cirstoforo,Matcham,7h8iSaQ,5/29/2018,12/15/2018
cdivillbp,cdivillbp@tinyurl.com,Chuck,Divill,UYAclgvcVo,8/4/2021,6/4/2020
lchimentibq,lchimentibq@ed.gov,Lucie,Chimenti,eYkQ4EovT8IA,5/21/2019,7/18/2021
vbeckinghambr,vbeckinghambr@paypal.com,Vicky,Beckingham,nS6baZvQGY,7/10/2021,4/24/2021
kborchardtbs,kborchardtbs@spiegel.de,Karisa,Borchardt,iWut6hIqo,2/28/2020,8/26/2017
apandeybt,apandeybt@about.com,Athene,Pandey,7hK7k6ZNa8,4/15/2019,3/2/2021
mkingstonbu,mkingstonbu@disqus.com,Mariya,Kingston,nKeV4Jo,12/11/2020,4/16/2021
khenrysonbv,khenrysonbv@narod.ru,Karlotte,Henryson,LDaJeYtpHb,6/9/2020,8/19/2021
paubreybw,paubreybw@hud.gov,Paulita,Aubrey,pMKHB08,3/30/2017,9/30/2020
cwillingambx,cwillingambx@sitemeter.com,Craggy,Willingam,TT7ZJzhi4,2/17/2021,1/19/2018
ilembkeby,ilembkeby@tamu.edu,Ikey,Lembke,p1xnNtxhT3dq,11/5/2017,1/31/2018
acrowdsonbz,acrowdsonbz@go.com,Amie,Crowdson,jAbabDV,6/1/2017,11/1/2019
dpopplestonc0,dpopplestonc0@uol.com.br,Davy,Poppleston,g30rdPMtaP,4/14/2019,6/17/2020
hdoorbarc1,hdoorbarc1@surveymonkey.com,Harlin,Doorbar,QXkzwkdJI,3/31/2021,7/6/2019
tlittlekitc2,tlittlekitc2@technorati.com,Tamra,Littlekit,RV9JfO6OJOXF,7/8/2017,2/6/2017
adockerc3,adockerc3@vimeo.com,Aldus,Docker,tCiicaUSimsW,8/13/2019,12/6/2019
rimlochc4,rimlochc4@cdbaby.com,Reece,Imloch,0iB6gxvyDZT,9/17/2017,11/11/2018
jspatigc5,jspatigc5@addthis.com,Jobey,Spatig,ILm1Wrcowi2,7/30/2017,4/25/2018
bberendsc6,bberendsc6@csmonitor.com,Beverley,Berends,gMFXRpiE9cT,11/3/2020,3/12/2017
crazzellc7,crazzellc7@yale.edu,Cosme,Razzell,mTP0OXfwL,10/20/2020,9/21/2021
gverrallsc8,gverrallsc8@domainmarket.com,Goldi,Verralls,zzHh9NdxyE,5/23/2019,10/19/2016
bborzonic9,bborzonic9@reverbnation.com,Brewer,Borzoni,8NiMCpk4Jq8a,5/3/2017,12/20/2016
rchalcotca,rchalcotca@alexa.com,Renelle,Chalcot,viqMkXDxke,8/30/2018,1/30/2019
cbowndcb,cbowndcb@alibaba.com,Colas,Bownd,ju50YmL4g,11/3/2016,11/3/2016
kchellenhamcc,kchellenhamcc@gravatar.com,Kathryne,Chellenham,xwH14esB,8/7/2020,11/2/2021
gharlycd,gharlycd@elpais.com,Gladi,Harly,EzczTQygj,6/25/2017,6/14/2017
sbeekece,sbeekece@mapquest.com,Sephira,Beeke,TaEhoG,6/22/2020,11/16/2017
kdowscf,kdowscf@china.com.cn,Kristyn,Dows,EkvPRjP5P,12/23/2020,9/26/2019
aguesfordcg,aguesfordcg@usgs.gov,Amble,Guesford,LG1lc7YBL5,10/30/2020,7/7/2017
bmurtaghch,bmurtaghch@hud.gov,Bartlett,Murtagh,CKlTXGC,1/20/2018,2/9/2021
fjaffrayci,fjaffrayci@ebay.com,Fonzie,Jaffray,10nCyos,2/11/2019,1/6/2018
bparrottcj,bparrottcj@seesaa.net,Batsheva,Parrott,EhIDKG25mdJ,2/26/2017,3/20/2019
rsackettck,rsackettck@techcrunch.com,Rois,Sackett,zp3WQV,2/14/2018,8/25/2020
wjeanequincl,wjeanequincl@howstuffworks.com,Wanids,Jeanequin,fNdWyI,3/17/2018,11/26/2018
searwickercm,searwickercm@nih.gov,Shaylah,Earwicker,HB3LDwl9JTz,3/5/2018,11/11/2019
wcristofvaocn,wcristofvaocn@xrea.com,Whitby,Cristofvao,5WRvLqNIKl,11/22/2018,10/23/2020
swittsco,swittsco@ca.gov,Stephenie,Witts,1cGN9lQO,9/5/2018,3/13/2020
avalenciacp,avalenciacp@macromedia.com,Antoinette,Valencia,eP3zfW6h0,7/1/2021,1/7/2020
bsallowscq,bsallowscq@foxnews.com,Britt,Sallows,N0sivUVNJ,3/24/2019,11/2/2019
cwillischcr,cwillischcr@nifty.com,Creight,Willisch,N7zq6V2,9/24/2019,10/19/2016
aellsecs,aellsecs@nbcnews.com,Agace,Ellse,hJuJdsO1xDk,2/21/2017,3/8/2019
phaetct,phaetct@google.ca,Parker,Haet,H69UmWbyc,9/26/2019,6/28/2018
pfiskecu,pfiskecu@home.pl,Phillis,Fiske,M4QOak8OlJr,1/23/2018,6/7/2018
tfairpoolcv,tfairpoolcv@bizjournals.com,Tripp,Fairpool,g2zUDNf,2/11/2021,11/8/2021
dthrelfallcw,dthrelfallcw@fema.gov,Durant,Threlfall,jQVbKpJOER0y,11/29/2020,3/15/2017
stubrittcx,stubrittcx@dailymail.co.uk,Shawna,Tubritt,aPbQsxl,2/23/2018,2/8/2017
tjorezcy,tjorezcy@over-blog.com,Tucky,Jorez,U8zZuQ,9/25/2020,8/2/2020
whanloncz,whanloncz@cisco.com,Wayne,Hanlon,m723Jmhqx,6/9/2019,4/21/2019
brispined0,brispined0@sciencedaily.com,Beitris,Rispine,C70HILvJqYZ,12/13/2020,6/10/2021
ecaddiesd1,ecaddiesd1@state.tx.us,Ernst,Caddies,Wa9ik5xdwFt,8/30/2021,7/1/2017
tingarfieldd2,tingarfieldd2@ed.gov,Thalia,Ingarfield,eaSBbSd,6/14/2018,8/25/2018
lkorneld3,lkorneld3@printfriendly.com,Laina,Kornel,hU3BLDvIOs,4/26/2017,11/23/2017
dmacdearmaidd4,dmacdearmaidd4@mashable.com,Datha,MacDearmaid,Xi9fHUrC,8/21/2021,6/7/2019
oquarrelld5,oquarrelld5@canalblog.com,Olivier,Quarrell,OTzNksGkz,6/14/2020,8/1/2019
smanselld6,smanselld6@topsy.com,Scotty,Mansell,sKwMJ8MnmUs9,9/18/2017,2/4/2018
dbassickd7,dbassickd7@theglobeandmail.com,Dallas,Bassick,EO7KfAEb,7/24/2018,3/1/2017
bgallandersd8,bgallandersd8@gravatar.com,Bentlee,Gallanders,LeM3o9I,12/5/2016,3/15/2020
kdukelowd9,kdukelowd9@soup.io,Katina,Dukelow,elECN1Nt,4/10/2021,12/29/2019
ccullipda,ccullipda@google.it,Cyrillus,Cullip,MuQ14G,12/5/2020,8/11/2021
myellowleedb,myellowleedb@google.com.br,Marshall,Yellowlee,Zl7sE0F,7/11/2018,6/11/2020
cjakubskidc,cjakubskidc@archive.org,Claudio,Jakubski,rAHlxxSg,1/25/2019,12/13/2016
jlafaydd,jlafaydd@whitehouse.gov,Jesse,Lafay,hwljFqd,4/11/2019,7/9/2019
erzehorde,erzehorde@mapquest.com,Elisa,Rzehor,sJXuVMh,11/12/2016,9/3/2017
kbeslierdf,kbeslierdf@sakura.ne.jp,Kelbee,Beslier,gXT97Lr,8/31/2018,12/3/2016
avillarondg,avillarondg@slideshare.net,Aloin,Villaron,IhH3AANkf,1/28/2017,8/15/2019
nmollindh,nmollindh@squidoo.com,Nevile,Mollin,9qS6f2duwl,3/1/2017,7/28/2017
pwytcharddi,pwytcharddi@cdbaby.com,Pippa,Wytchard,Vpp9z0ZcvH,8/6/2020,9/10/2019
ashevelindj,ashevelindj@dailymotion.com,Abbe,Shevelin,XItz2gtWHICh,1/12/2018,9/1/2019
wferrarinidk,wferrarinidk@hatena.ne.jp,Winnah,Ferrarini,FTAEL924,5/11/2019,5/28/2018
msemechikdl,msemechikdl@gravatar.com,Micheil,Semechik,xWMbThfN,6/19/2018,2/6/2021
rmcnerndm,rmcnerndm@cargocollective.com,Renie,McNern,21YSxj8t7,12/7/2016,9/23/2021
ccourtliffdn,ccourtliffdn@bandcamp.com,Cort,Courtliff,lJMjny4Cm5w6,5/15/2021,12/9/2020
broderhamdo,broderhamdo@jiathis.com,Bill,Roderham,NNUEDehf9V,6/5/2017,4/29/2018
zdogdp,zdogdp@hud.gov,Zola,Dog,u1I7RQpvR,2/6/2020,8/29/2018
qteligindq,qteligindq@miibeian.gov.cn,Quintilla,Teligin,jc8sN2IKM,10/1/2019,1/24/2018
dbeddiedr,dbeddiedr@ow.ly,Dew,Beddie,7GMEqkd,1/31/2020,4/18/2018
galsinads,galsinads@chicagotribune.com,Guenevere,Alsina,7Fpho1ieCB,1/19/2019,9/25/2018
eliggensdt,eliggensdt@paginegialle.it,Eolande,Liggens,QTfTXPxlTs,3/30/2021,6/19/2020
egraserdu,egraserdu@gnu.org,Erek,Graser,Sh0bws6,3/25/2021,1/5/2017
kwickeydv,kwickeydv@dot.gov,Kacie,Wickey,xec4Ah,9/25/2018,4/10/2020
bruscoedw,bruscoedw@google.de,Brenda,Ruscoe,xouUqcA9CPQ,12/2/2020,4/20/2021
acoxendx,acoxendx@washington.edu,Archaimbaud,Coxen,dXvt76o,7/29/2021,8/16/2020
clundbeckdy,clundbeckdy@networkadvertising.org,Clem,Lundbeck,XSF01HG,10/5/2019,12/7/2019
eoliphanddz,eoliphanddz@boston.com,Ezmeralda,Oliphand,igY9yt,10/20/2016,5/12/2018
tethelstonee0,tethelstonee0@paypal.com,Thaxter,Ethelstone,IEjVxRK,7/19/2017,5/15/2017
echataigniere1,echataigniere1@furl.net,Earlie,Chataignier,sCK9lh0vW,10/29/2021,1/17/2017
fpithere2,fpithere2@ameblo.jp,Florenza,Pither,Q0F3PV,7/15/2018,1/15/2017
rcolgravee3,rcolgravee3@disqus.com,Reese,Colgrave,wPBIPz6ReHsv,5/21/2017,2/11/2020
mreedee4,mreedee4@lulu.com,Murvyn,Reede,pR8KmKccM,11/3/2021,2/16/2017
ksodoe5,ksodoe5@netvibes.com,Kaye,Sodo,bbpEKCRNBpw,9/7/2021,10/24/2017
dgrindleye6,dgrindleye6@ibm.com,Davie,Grindley,8HJIKeK,5/22/2018,4/12/2018
ttwentymane7,ttwentymane7@europa.eu,Thadeus,Twentyman,Sw2bHweBKs,10/25/2016,3/2/2021
nsmewinge8,nsmewinge8@google.cn,Northrup,Smewing,amgGHt6JCT,5/1/2018,6/10/2017
sdanielee9,sdanielee9@constantcontact.com,Stephine,Daniele,2Z9daBjG,7/25/2018,1/16/2018
tdinwoodieea,tdinwoodieea@nifty.com,Tulley,Dinwoodie,7XCnfu9B,9/12/2019,12/10/2017
gdudnyeb,gdudnyeb@bloglines.com,Gustavus,Dudny,uyl0nD3f7ttx,4/11/2019,7/7/2021
jfasseec,jfasseec@netlog.com,Joey,Fasse,xCuUgS6,9/16/2020,8/11/2017
lciobotarued,lciobotarued@illinois.edu,Leonhard,Ciobotaru,Xlsai5,9/11/2017,6/15/2018
pcelandee,pcelandee@bbb.org,Phaedra,Celand,e8uSKiFD,10/9/2021,11/10/2018
bdelaegliseef,bdelaegliseef@hud.gov,Blithe,De la Eglise,rVd8WxFDuXQ,11/18/2019,6/8/2020
nmassenhoveeg,nmassenhoveeg@time.com,Nerty,Massenhove,DRSUobe,11/29/2017,1/19/2021
dmaccrieeh,dmaccrieeh@google.co.uk,Damon,Maccrie,eChwOEnG,4/18/2021,12/3/2019
gforestallei,gforestallei@ustream.tv,Gallagher,Forestall,WyakYwfn,10/17/2021,7/22/2021
aduckittej,aduckittej@gizmodo.com,Annissa,Duckitt,tbFsh8eQ1nN,4/22/2021,2/23/2019
afitzgilbertek,afitzgilbertek@time.com,Adorne,FitzGilbert,gNk3Nwei0tv5,2/24/2021,4/20/2019
eanneyel,eanneyel@squidoo.com,Ebenezer,Anney,1t0TyQSbNt,11/4/2021,7/1/2019
lhefferanem,lhefferanem@discovery.com,Lesley,Hefferan,qOVLzE,5/19/2017,2/17/2019
lashbeyen,lashbeyen@soup.io,Lois,Ashbey,M4jELoOF,6/26/2021,11/11/2017
dgreenrdeeo,dgreenrdeeo@newyorker.com,Dukie,Greenrde,wOC240,3/30/2019,6/19/2019
jllewelynep,jllewelynep@jugem.jp,Jinny,Llewelyn,7MSj0Z5z,12/7/2020,12/27/2017
dpenaeq,dpenaeq@tinypic.com,Dennison,Pena,0SUvsvI37lA,3/26/2017,8/23/2018
eattarder,eattarder@flickr.com,Ellie,Attard,qTUodMr,11/13/2018,5/30/2018
drumfordes,drumfordes@intel.com,Dave,Rumford,N7qvFWo,12/17/2016,8/14/2018
cjulienet,cjulienet@sbwire.com,Chiquita,Julien,DCBrnEIRFK,3/10/2019,5/4/2017
bgettingseu,bgettingseu@ask.com,Bobbe,Gettings,3k3cnu7,12/21/2017,10/6/2018
opienev,opienev@webmd.com,Olenka,Pien,i5K9aL,7/26/2021,5/6/2021
mmerillew,mmerillew@joomla.org,Morgana,Merill,GFP0mqQnc,10/9/2021,6/21/2020
mhamberstonex,mhamberstonex@cdbaby.com,Marena,Hamberston,DuxJ1rxf6KM,7/15/2018,8/8/2018
vrawsthorneey,vrawsthorneey@theguardian.com,Vlad,Rawsthorne,rn6rwWe,9/19/2019,7/21/2021
akordovaez,akordovaez@php.net,Annmaria,Kordova,TGk5gzL,9/24/2020,11/15/2019
jfellenorf0,jfellenorf0@bbb.org,Jasen,Fellenor,flDf1ZUgvbum,1/25/2019,2/25/2018
kjayef1,kjayef1@wiley.com,Konstance,Jaye,HG6EtEwRy,2/6/2017,4/17/2018
hdomoneyf2,hdomoneyf2@hugedomains.com,Horace,Domoney,Km3BAjYcyLJ,7/13/2018,2/27/2019
rhonatschf3,rhonatschf3@hexun.com,Rudiger,Honatsch,yTOCZ34blvd,4/15/2020,6/17/2017
kbrigshawf4,kbrigshawf4@intel.com,Keriann,Brigshaw,luUVw09Yxu,3/22/2017,6/22/2021
gmcdermottrowf5,gmcdermottrowf5@lycos.com,Gisele,McDermott-Row,LcqmQnlYtju,7/18/2020,12/20/2017
mburtenshawf6,mburtenshawf6@lycos.com,Monty,Burtenshaw,9nlmGemJz,3/13/2020,4/30/2017
rfraneyf7,rfraneyf7@timesonline.co.uk,Rik,Franey,fsovunpdmTsu,12/27/2017,6/27/2017
dmartinecf8,dmartinecf8@cornell.edu,Dani,Martinec,7vGCMAh,6/22/2020,12/6/2018
mpainef9,mpainef9@princeton.edu,Merna,Paine,T8FribGjqSH,3/14/2021,11/2/2021
clamkefa,clamkefa@ucla.edu,Cybill,Lamke,fzmeWbYr1,12/30/2019,5/27/2021
dlambertonfb,dlambertonfb@i2i.jp,Damian,Lamberton,j38JhtdvW,6/14/2017,6/4/2019
hcapelofffc,hcapelofffc@senate.gov,Herc,Capeloff,8eW0Qs,11/30/2018,10/13/2016
ahaylandsfd,ahaylandsfd@privacy.gov.au,Amberly,Haylands,DysGg9Z6UXl4,2/20/2020,4/29/2019
ahousamanfe,ahousamanfe@usda.gov,Alene,Housaman,Wkdx3b,3/3/2017,8/10/2017
psemmensff,psemmensff@vinaora.com,Prince,Semmens,V3GVrTK,6/5/2017,4/4/2021
wstearnsfg,wstearnsfg@disqus.com,Wells,Stearns,Kl1QJD08,8/21/2019,6/29/2017
pkorbfh,pkorbfh@huffingtonpost.com,Penrod,Korb,U2nGt8JCR,8/18/2021,9/24/2017
dmosbyfi,dmosbyfi@acquirethisname.com,Dorrie,Mosby,dv0pW0Z,5/12/2020,5/20/2018
mselewayfj,mselewayfj@businessweek.com,Monro,Seleway,fIXjqH,6/23/2021,1/27/2021
alightbownefk,alightbownefk@canalblog.com,Amalee,Lightbowne,zQ0Ypa09q,3/13/2019,8/6/2017
cbegginfl,cbegginfl@joomla.org,Claire,Beggin,pBbFDnUT,7/22/2021,9/12/2018
wruppertfm,wruppertfm@simplemachines.org,Weider,Ruppert,BLsTMGQroOQL,1/13/2017,1/27/2018
mwellfarefn,mwellfarefn@narod.ru,Maurita,Wellfare,OWzOp1n,3/14/2019,1/12/2017
rmaudlenfo,rmaudlenfo@dropbox.com,Richy,Maudlen,vuFSdB8yE,11/10/2016,5/26/2018
erofffp,erofffp@desdev.cn,Emlynn,Roff,ktncF7,2/7/2021,9/24/2017
jbotgerfq,jbotgerfq@slashdot.org,Joye,Botger,x8iryptaRqao,7/4/2019,12/20/2018
cbulcockfr,cbulcockfr@opera.com,Caddric,Bulcock,RccAqyC,2/7/2021,6/8/2018
bpaffettfs,bpaffettfs@dmoz.org,Brook,Paffett,CEqvaJB7zNIy,8/30/2020,7/30/2017
alumsdonft,alumsdonft@army.mil,Andy,Lumsdon,GvFPHzGo,1/6/2018,3/21/2021
rbettonfu,rbettonfu@example.com,Romola,Betton,015sNsBX,11/7/2016,10/2/2018
bcarwithenfv,bcarwithenfv@ustream.tv,Beulah,Carwithen,3vMBbtqZfWhw,8/21/2018,10/16/2018
dcoskerfw,dcoskerfw@fc2.com,Douglas,Cosker,iimZjuS,5/11/2017,10/21/2020
sfellgatefx,sfellgatefx@ucoz.ru,Spence,Fellgate,l7gfPxATR,10/15/2020,9/19/2017
aaleksashinfy,aaleksashinfy@si.edu,Andres,Aleksashin,SKVV71kU3r9,1/23/2019,4/13/2017
caveriesfz,caveriesfz@umich.edu,Candace,Averies,xUUA0NE,5/27/2019,5/15/2020
mdeeveyg0,mdeeveyg0@washingtonpost.com,Merola,Deevey,kEQoGFCSS3,4/19/2017,7/6/2021
arufflerg1,arufflerg1@blogs.com,Anders,Ruffler,25IPXebm,11/9/2016,4/20/2020
drobertseng2,drobertseng2@soup.io,Deborah,Robertsen,xow1MO,4/27/2021,8/20/2021
jrolandg3,jrolandg3@ftc.gov,Jenelle,Roland,eQT4VIloJ4,2/16/2021,5/4/2019
ksibbertg4,ksibbertg4@businessinsider.com,Krishnah,Sibbert,kk8GLoC53i,6/23/2017,1/20/2020
jpollendineg5,jpollendineg5@ed.gov,Jacquie,Pollendine,fks0Pk,11/1/2020,11/28/2020
ojouleg6,ojouleg6@ning.com,Olympie,Joule,u0YcNon,3/25/2019,7/19/2020
bkilliamg7,bkilliamg7@squarespace.com,Brittani,Killiam,5WLoMQ,3/22/2018,7/22/2019
banfossig8,banfossig8@mysql.com,Blayne,Anfossi,UzAnW1wgDnv,7/29/2018,4/16/2020
hdenverg9,hdenverg9@youtube.com,Hall,Denver,CVZDBKVvLFB,11/28/2017,6/11/2019
mdavyga,mdavyga@berkeley.edu,Melisse,Davy,arA2W5eCo4g,8/5/2020,9/19/2017
lceneygb,lceneygb@auda.org.au,Lucas,Ceney,1VQ4PsQ,4/22/2019,8/16/2018
rgarfittgc,rgarfittgc@guardian.co.uk,Rea,Garfitt,qh0iXF7EE,5/24/2017,8/16/2021
dbohlergd,dbohlergd@themeforest.net,Donetta,Bohler,MoIp1ib,5/19/2020,12/1/2017
apourveerge,apourveerge@surveymonkey.com,Andreana,Pourveer,7zZpNBWW,5/28/2018,9/29/2020
cbridgwoodgf,cbridgwoodgf@abc.net.au,Corny,Bridgwood,qI5oFVyaBsxh,8/21/2021,4/20/2020
hpepigg,hpepigg@dagondesign.com,Hanny,Pepi,BS68PG7zKBv,7/2/2021,6/17/2019
meusticegh,meusticegh@stanford.edu,Marisa,Eustice,guQhnQ0ur2ij,7/24/2020,7/22/2017
mlavissgi,mlavissgi@amazon.com,Maure,Laviss,Psr0sbwkUCZ,12/30/2020,6/16/2021
hbarocgj,hbarocgj@about.me,Heinrik,Baroc,eCsKvZmEJlLn,12/6/2020,5/24/2019
wepinoygk,wepinoygk@sciencedaily.com,Waylin,Epinoy,G8SWhdl,2/5/2020,10/19/2016
bzorzettigl,bzorzettigl@nymag.com,Blinnie,Zorzetti,EK0aPBCR8Zb,12/7/2018,2/1/2019
aisgategm,aisgategm@vimeo.com,Al,Isgate,igoaq5y2aM3,12/15/2017,12/4/2018
pfrenschgn,pfrenschgn@123-reg.co.uk,Page,Frensch,jkaZ8bDYoM6,12/20/2018,11/12/2017
ntattersgo,ntattersgo@mlb.com,Nesta,Tatters,mqxJ0een,1/23/2017,7/27/2021
skerslakegp,skerslakegp@slate.com,Shannon,Kerslake,38EXpLeY,4/6/2020,9/23/2017
tpettiwardgq,tpettiwardgq@wsj.com,Timmie,Pettiward,84DU90uMyRS,10/30/2019,2/20/2018
mivinsgr,mivinsgr@usa.gov,Mattie,Ivins,3LL34DOX3,2/9/2019,3/27/2017
akybbyegs,akybbyegs@samsung.com,Annalee,Kybbye,bbSoyvod,1/28/2019,3/2/2017
dvanveldegt,dvanveldegt@studiopress.com,Dulcine,Van Velde,0KxmA79h,8/17/2018,11/11/2018
kbergingu,kbergingu@tamu.edu,Kissee,Bergin,9z4i0veG,12/10/2019,6/2/2018
rgethengv,rgethengv@time.com,Rachele,Gethen,2qG6d5ZJ,2/5/2021,10/7/2020
ngingelgw,ngingelgw@liveinternet.ru,Normand,Gingel,EjTZe0bBEj9,5/15/2019,4/29/2019
bmcneegx,bmcneegx@canalblog.com,Bowie,McNee,5D1cHn4BT3i,11/25/2017,9/15/2021
laddymangy,laddymangy@aol.com,Ly,Addyman,oEpkNffoLj,11/14/2020,6/7/2021
bdavissongz,bdavissongz@sun.com,Banky,Davisson,Ceeb9gpbjxb,8/29/2018,1/2/2017
lmackennyh0,lmackennyh0@springer.com,Lena,MacKenny,3AMOMlgFEVA,6/26/2019,4/13/2020
cvondrysh1,cvondrysh1@china.com.cn,Con,Vondrys,FKw7tp9gP,12/20/2020,1/19/2018
pripsherh2,pripsherh2@imdb.com,Pattie,Ripsher,SiC4QAGVuHlp,5/5/2018,8/3/2019
dtownsendh3,dtownsendh3@oakley.com,Dusty,Townsend,4VWLlMy,6/8/2019,5/12/2017
pwasylkiewiczh4,pwasylkiewiczh4@alibaba.com,Pate,Wasylkiewicz,wWunQeXo,6/3/2019,5/16/2021
jmeehanh5,jmeehanh5@networkadvertising.org,Jolee,Meehan,zSPYoCV,9/7/2021,1/28/2020
modhamsh6,modhamsh6@feedburner.com,Mahmoud,Odhams,XuzRGuZxk6WI,2/5/2019,8/19/2021
dmarrioth7,dmarrioth7@squarespace.com,Darcee,Marriot,Jm8rUe5U,9/2/2017,2/8/2017
sstannush8,sstannush8@slate.com,Simonette,Stannus,2Hvq9Ehx1,12/5/2017,7/30/2020
dcowanh9,dcowanh9@webeden.co.uk,Derrick,Cowan,w3D0XVdQ,4/11/2018,5/3/2019
noxleyha,noxleyha@creativecommons.org,Norris,Oxley,LNXOJnH,9/27/2017,3/10/2019
gfrendhb,gfrendhb@pbs.org,Gunter,Frend,Hak1zR,5/4/2019,2/28/2020
lboerdermanhc,lboerdermanhc@dagondesign.com,Leese,Boerderman,RFIApLqBLEe,7/17/2020,7/21/2017
jschoenleiterhd,jschoenleiterhd@yellowbook.com,Jordon,Schoenleiter,TKV6lkQe754I,7/3/2017,12/29/2019
evenneurhe,evenneurhe@china.com.cn,Elinore,Venneur,ANv46iM6,7/10/2020,3/18/2020
sotuohyhf,sotuohyhf@nba.com,Sher,O'Tuohy,ElczPa7x,4/13/2021,6/22/2018
aachromovhg,aachromovhg@discuz.net,Aeriell,Achromov,BGmvtRwLbS,6/6/2018,10/13/2018
gkerswillhh,gkerswillhh@cyberchimps.com,Giordano,Kerswill,evMPLRGvo,7/27/2021,6/2/2018
jbransdenhi,jbransdenhi@elegantthemes.com,Jeremie,Bransden,LD2osZ,11/15/2016,3/16/2020
ltravershj,ltravershj@printfriendly.com,Loy,Travers,CEa2tJGI,4/27/2020,2/1/2020
ldiruggerohk,ldiruggerohk@weebly.com,Livia,Di Ruggero,zFI49Cf,5/16/2017,9/5/2020
fliddenhl,fliddenhl@ted.com,Fax,Lidden,cugz4G5ObqC,10/8/2018,7/22/2020
skyberdhm,skyberdhm@examiner.com,Shae,Kyberd,PoHsD9eF6lb,6/25/2017,6/24/2020
obartoszinskihn,obartoszinskihn@google.com.au,Oliy,Bartoszinski,GYAgd2bK1DI,10/6/2021,8/5/2021
mfugereho,mfugereho@narod.ru,Meghan,Fugere,R8FGa5,8/21/2018,11/20/2018
rchewhp,rchewhp@bloomberg.com,Rolando,Chew,NWa1ANGGJ4,8/24/2019,7/19/2020
lcornilleauhq,lcornilleauhq@people.com.cn,Liuka,Cornilleau,yHTfCxJOAE9J,3/27/2019,8/9/2019
lreichartzhr,lreichartzhr@hostgator.com,Lindon,Reichartz,3cu10gNmu,9/2/2020,1/22/2020
jcesarichs,jcesarichs@vimeo.com,Jeff,Cesaric,4E8lvQdYMS,7/12/2017,4/20/2021
dwhelpdaleht,dwhelpdaleht@dropbox.com,Dolli,Whelpdale,gi1ckSJNM,1/8/2018,11/2/2017
amceneryhu,amceneryhu@jalbum.net,Arlee,McEnery,fI9XTsBGcZf,3/6/2018,12/31/2017
estideverhv,estideverhv@usatoday.com,Elspeth,Stidever,XFpzC8Bb,7/31/2018,11/27/2016
sclaigehw,sclaigehw@census.gov,Shirl,Claige,cCIiRW,3/19/2019,1/29/2021
koculliganhx,koculliganhx@networkadvertising.org,Kerwinn,O' Culligan,Z2WXK9fF,11/17/2017,1/7/2020
kriceardshy,kriceardshy@salon.com,Karine,Riceards,lUs2mVqR2PxP,7/16/2019,10/23/2019
mmcterlaghhz,mmcterlaghhz@blog.com,Mabelle,McTerlagh,IhDklOH,4/19/2019,3/10/2020
ckoopi0,ckoopi0@weebly.com,Cornie,Koop,AizKv2kT,1/29/2019,8/12/2017
dcallicotti1,dcallicotti1@cyberchimps.com,Doralynn,Callicott,j985ny9DHDk,4/10/2021,2/1/2021
ashotboultei2,ashotboultei2@smugmug.com,Alia,Shotboulte,8BoJd0pM,1/14/2020,6/15/2020
hensteni3,hensteni3@unicef.org,Harlen,Ensten,0VtjDXYig9Y,10/4/2017,4/18/2020
mmartignoni4,mmartignoni4@springer.com,Michaela,Martignon,iRacZbyt,4/14/2019,2/14/2017
kdaultoni5,kdaultoni5@nba.com,Kevyn,Daulton,J6BEoh,6/14/2018,5/17/2018
ricki6,ricki6@prnewswire.com,Rebbecca,Ick,ttOM2Bz,4/18/2018,2/26/2020
emckeowoni7,emckeowoni7@foxnews.com,Evania,McKeowon,4aSx3NJylU4,12/5/2017,4/5/2019
dderyebarretti8,dderyebarretti8@webeden.co.uk,Darcie,De Rye Barrett,aio7m9zHEq,2/3/2021,12/22/2020
scheneryi9,scheneryi9@msn.com,Sascha,Chenery,TXGztnpb3,2/6/2017,10/19/2017
mstanawayia,mstanawayia@europa.eu,Mohandis,Stanaway,3dmwhe0Y,7/30/2019,9/18/2018
bclemersonib,bclemersonib@squidoo.com,Brent,Clemerson,tplywnK6Z2,9/26/2017,10/8/2017
hmooringic,hmooringic@wikia.com,Hillery,Mooring,6v9rIy,8/17/2019,8/8/2018
abevissid,abevissid@wunderground.com,Aurelea,Beviss,Ho8LFbXV8o,1/1/2017,3/2/2019
tgirdlestoneie,tgirdlestoneie@shop-pro.jp,Trevor,Girdlestone,IeB9BmsYB7bQ,10/31/2019,9/16/2020
fwhittersif,fwhittersif@php.net,Fey,Whitters,U7CtNMzLu,5/30/2021,11/28/2019
wrobelowig,wrobelowig@webs.com,Wendall,Robelow,UxuwgPV,3/17/2017,8/24/2018
kcumineih,kcumineih@springer.com,Korrie,Cumine,ZxpZwp,10/22/2016,1/4/2020
dellisii,dellisii@china.com.cn,Darrelle,Ellis,AdOBg9PB7lm,6/26/2018,4/9/2021
adeetchij,adeetchij@csmonitor.com,Aeriela,Deetch,xGIWt84m16,9/25/2018,10/14/2019
vharwellik,vharwellik@ustream.tv,Valaria,Harwell,opZgKyxl,4/27/2021,9/10/2020
kjirail,kjirail@unc.edu,Kylynn,Jira,8ALZNTyJSm,1/1/2018,10/13/2016
cvigorsim,cvigorsim@flickr.com,Corbet,Vigors,9zxNCoT5,6/4/2019,12/30/2017
odanevin,odanevin@spotify.com,Orson,Danev,acQbt4ff,12/9/2019,11/7/2018
emoirio,emoirio@gizmodo.com,Eliza,Moir,0HXjGEg,4/8/2018,1/11/2020
ffryersip,ffryersip@paginegialle.it,Fionna,Fryers,wxVOF3,6/20/2020,5/20/2019
nfavilliq,nfavilliq@ow.ly,Nina,Favill,igwJyksb3WAz,6/9/2017,9/26/2020
bkitchinir,bkitchinir@wikimedia.org,Boyd,Kitchin,DwkZeEBEL8,12/21/2018,6/13/2017
jdemicoliis,jdemicoliis@people.com.cn,Juliann,De Micoli,hSvTe6ralBk,10/28/2016,5/31/2021
bobrianit,bobrianit@walmart.com,Bale,O' Brian,iK9lGIoACY,4/1/2020,5/20/2019
tcorainiu,tcorainiu@twitter.com,Tabatha,Corain,N8MPH1,9/20/2019,7/20/2021
dradsdaleiv,dradsdaleiv@squarespace.com,Dore,Radsdale,maFP3ljfKoJZ,5/23/2020,10/7/2021
fgoviniiw,fgoviniiw@goodreads.com,Fenelia,Govini,U1SpU3xD,11/2/2016,1/15/2021
amaidlowix,amaidlowix@google.com.au,Aline,Maidlow,SZSz79syt,10/11/2016,5/12/2020
zwytheiy,zwytheiy@apple.com,Zachariah,Wythe,vE6DC1xm,5/21/2021,5/1/2018
ayteriz,ayteriz@fastcompany.com,Ardisj,Yter,laxVKC4st,5/30/2020,4/25/2018
scrakej0,scrakej0@sciencedaily.com,Stace,Crake,Yg3LHjEZBY,3/5/2018,7/2/2020
krubicaj1,krubicaj1@gmpg.org,Kristy,Rubica,bDjvTlVB,1/29/2021,10/18/2020
sfeatherbyj2,sfeatherbyj2@fastcompany.com,Stacey,Featherby,ceNWHzJCSOsv,11/11/2019,8/5/2020
smcsperronj3,smcsperronj3@domainmarket.com,Silvanus,McSperron,W91ZYjufLKq,12/18/2019,11/28/2018
etauntonj4,etauntonj4@google.nl,Elane,Taunton,iBDiavF2vwE,4/18/2021,7/13/2020
fkettlesonj5,fkettlesonj5@discuz.net,Fanechka,Kettleson,IClpIpPE,2/22/2017,4/25/2021
bwhittletonj6,bwhittletonj6@ucsd.edu,Bryanty,Whittleton,28wymTZwHDSg,4/25/2020,5/17/2017
deckj7,deckj7@hexun.com,Daveen,Eck,xwSrziIce7,1/14/2017,8/28/2017
nrobjantj8,nrobjantj8@google.co.uk,Neilla,Robjant,ytJwBQd3F,12/29/2020,3/31/2018
hwaszkiewiczj9,hwaszkiewiczj9@state.tx.us,Hoyt,Waszkiewicz,Tl4Hcfh9x0P,1/9/2019,5/23/2019
jlonghirstja,jlonghirstja@sbwire.com,Jannel,Longhirst,e0ODrMWB,5/1/2017,12/6/2020
drobertsonjb,drobertsonjb@npr.org,Dolly,Robertson,cMydOjcf,11/14/2020,4/19/2020
cblaxlandejc,cblaxlandejc@vinaora.com,Courtenay,Blaxlande,6kZwjahFKdfP,7/12/2019,1/24/2019
tandrzejczakjd,tandrzejczakjd@stumbleupon.com,Thorndike,Andrzejczak,T5QVlLe,6/16/2020,11/28/2019
pmacje,pmacje@go.com,Pryce,Mac,HMY1xn3,8/26/2019,8/12/2017
gledamunjf,gledamunjf@wp.com,Genevra,Ledamun,H2ObMBmIimI,6/18/2021,4/4/2019
dhartrightjg,dhartrightjg@sitemeter.com,Debi,Hartright,gwa87QK74vGG,5/2/2020,8/3/2017
rtanfieldjh,rtanfieldjh@chronoengine.com,Rooney,Tanfield,b3deJ07j9r,2/25/2021,4/11/2021
dtomichji,dtomichji@loc.gov,Dewie,Tomich,eA9pLlpHC,8/13/2021,8/16/2017
freinjj,freinjj@arstechnica.com,Fawnia,Rein,f5ZFNne3,5/6/2019,7/7/2018
mmuressjk,mmuressjk@storify.com,Morry,Muress,zZnojPikAzb5,8/5/2019,10/31/2018
osaturleyjl,osaturleyjl@salon.com,Olivette,Saturley,SqWyZvcfui,9/11/2017,7/18/2020
drowantreejm,drowantreejm@tmall.com,Danielle,Rowantree,XwsHz7T,5/24/2018,5/30/2021
gsandcraftjn,gsandcraftjn@nba.com,Granville,Sandcraft,ZLeI8Rm289vj,8/22/2020,12/30/2019
mgettinsjo,mgettinsjo@sbwire.com,Maude,Gettins,1SFlzUm2,11/30/2016,12/22/2019
anethercottjp,anethercottjp@loc.gov,Andromache,Nethercott,b9en1KSg,10/18/2018,4/12/2021
jcovinojq,jcovinojq@cpanel.net,Jenn,covino,ISpHopGg,9/16/2019,7/31/2020
bzapaterojr,bzapaterojr@sfgate.com,Bessie,Zapatero,3LhOZ0QmzZ4K,12/11/2018,8/23/2019
tchippindalljs,tchippindalljs@un.org,Tobye,Chippindall,KpbI1UV,5/2/2018,10/27/2018
kfynnjt,kfynnjt@ezinearticles.com,Kerrin,Fynn,ySU2SZf,6/4/2017,7/3/2019
sheasleyju,sheasleyju@nifty.com,Silvie,Heasley,ZpvRnj,5/16/2018,1/22/2020
lfriedenbachjv,lfriedenbachjv@google.com.au,Latrena,Friedenbach,4srRJIE,4/21/2017,11/3/2018
zshaplandjw,zshaplandjw@epa.gov,Zoe,Shapland,7cdN6A5,6/9/2018,6/6/2017
jcarneyjx,jcarneyjx@tuttocitta.it,Juliane,Carney,GDVB4Rl,3/21/2021,3/13/2020
bwooffittjy,bwooffittjy@wp.com,Ben,Wooffitt,C8ntggWg9rff,4/20/2018,11/8/2016
mbrehenyjz,mbrehenyjz@about.com,Marlee,Breheny,5qiXfO4SS,7/21/2020,1/28/2020
krozenzweigk0,krozenzweigk0@technorati.com,Kerstin,Rozenzweig,kb9yPiT5,3/28/2020,4/2/2020
cdecastelaink1,cdecastelaink1@china.com.cn,Cleon,de Castelain,3xaLkR4et,8/19/2018,1/19/2017
vkleehuhlerk2,vkleehuhlerk2@squidoo.com,Vidovic,Kleehuhler,VU8ZqJGdPUI,8/31/2021,9/11/2018
ktindlek3,ktindlek3@amazonaws.com,Kirstin,Tindle,gwCgAiiVKz,4/13/2020,7/13/2017
ncassark4,ncassark4@cocolog-nifty.com,Nickey,Cassar,qBSpaa,2/3/2017,4/28/2018
chammondsk5,chammondsk5@washington.edu,Charmion,Hammonds,3tLFNKfYZyb,8/24/2017,2/23/2019
koscallank6,koscallank6@techcrunch.com,Kerry,O' Scallan,hpNuBUmYcM,5/25/2019,3/24/2018
lhenkenk7,lhenkenk7@ehow.com,Loella,Henken,EMUyPJK,6/29/2017,12/8/2020
nranscombk8,nranscombk8@arstechnica.com,Nahum,Ranscomb,u8YnwYMT9h,7/27/2020,4/28/2021
wmcmurrayak9,wmcmurrayak9@washingtonpost.com,Waite,McMurraya,Xsx0T5lN,2/3/2018,6/25/2019
mhansieka,mhansieka@ft.com,Maje,Hansie,aA2KJgvf39Zn,5/11/2019,6/11/2019
jcritchleykb,jcritchleykb@geocities.jp,Jeniece,Critchley,YyoQQbO,2/17/2019,5/27/2019
kkyngdonkc,kkyngdonkc@webmd.com,Karna,Kyngdon,XEzh85sOM,4/3/2018,3/16/2017
dserchwellkd,dserchwellkd@earthlink.net,Dodi,Serchwell,APxFHxiw9yIs,6/5/2019,11/6/2018
erainske,erainske@hubpages.com,Engelbert,Rains,4PMv8MI4,10/2/2019,6/11/2017
hkennetkf,hkennetkf@weather.com,Halie,Kennet,X5ApdtzDXS,6/9/2019,5/26/2019
csearjeantkg,csearjeantkg@sciencedaily.com,Corabella,Searjeant,TXdeCoD9G,2/25/2018,6/26/2020
ahuttkh,ahuttkh@seesaa.net,Annnora,Hutt,dfoYX1,8/30/2019,11/6/2016
oruzickaki,oruzickaki@skyrock.com,Odelle,Ruzicka,pAurw8bgSuZ,3/15/2020,10/31/2017
dbrislankj,dbrislankj@trellian.com,Donetta,Brislan,8e8Sh7cLk5,3/10/2017,2/26/2018
scourtonnekk,scourtonnekk@wikia.com,See,Courtonne,mUDVvYJOoT3O,8/4/2020,11/3/2016
lfromantkl,lfromantkl@comcast.net,Lorie,Fromant,8VJChIsc,11/26/2020,4/5/2018
cgoochkm,cgoochkm@mashable.com,Corrie,Gooch,oh0reAre3sGm,10/5/2017,3/12/2021
hpetterskn,hpetterskn@hugedomains.com,Hilarius,Petters,VQXHYHF6zU,7/6/2017,3/10/2019
bshelfko,bshelfko@hubpages.com,Barris,Shelf,QViAUGAVVjh,4/23/2017,6/10/2019
shovendenkp,shovendenkp@surveymonkey.com,Seward,Hovenden,kdDSy1hm7F,1/10/2020,11/1/2018
mfavillkq,mfavillkq@lycos.com,Maddy,Favill,uGMo9Gh,8/23/2021,11/25/2019
bstannahkr,bstannahkr@i2i.jp,Brier,Stannah,EJdbbxrxAoB,9/28/2019,6/22/2021
bkroinks,bkroinks@sourceforge.net,Boony,Kroin,w4wrlZwU,4/11/2018,1/21/2020
mhubertkt,mhubertkt@weibo.com,Marie-ann,Hubert,q6WYDmpkfB,9/30/2017,11/20/2020
lwallentinku,lwallentinku@mashable.com,Laurianne,Wallentin,cWH4yzwNszZ,1/6/2017,9/18/2017
bkeywoodkv,bkeywoodkv@tiny.cc,Bobbie,Keywood,nz9hcd2a0,5/10/2019,12/11/2020
prockwellkw,prockwellkw@go.com,Pippo,Rockwell,peQdnMprqJ,2/25/2018,9/15/2018
qworlockkx,qworlockkx@skype.com,Quintilla,Worlock,flF6Yo7EM7,4/8/2021,6/2/2017
dcosleyky,dcosleyky@github.io,Dorene,Cosley,HueDJZhQ,5/15/2021,11/24/2017
jpadleykz,jpadleykz@xinhuanet.com,Jessie,Padley,abG7Dq,9/20/2020,10/29/2018
mgregolinl0,mgregolinl0@pagesperso-orange.fr,Malinde,Gregolin,HamipgPG,12/18/2016,3/21/2021
mreecel1,mreecel1@china.com.cn,Moss,Reece,X4owmxWwWF,1/16/2017,8/12/2020
rfielderl2,rfielderl2@miitbeian.gov.cn,Remington,Fielder,OduQ0Vb,5/1/2018,12/12/2020
tsayel3,tsayel3@typepad.com,Terra,Saye,5Nl4akfQ,10/21/2021,1/11/2019
jbrimacombel4,jbrimacombel4@ebay.co.uk,Jemmy,Brimacombe,nCWSxDwl,10/7/2020,12/22/2017
lseinl5,lseinl5@so-net.ne.jp,Linnell,Sein,RN2XW0Uxw1,6/20/2021,3/5/2018
opithiel6,opithiel6@google.fr,Oliviero,Pithie,jBPGSaFZ,11/23/2019,11/8/2018
bcookel7,bcookel7@webmd.com,Bell,Cooke,aCdZ7tkUOJDb,2/14/2017,3/18/2019
mgoldinl8,mgoldinl8@china.com.cn,Markus,Goldin,I21W73gNxe,5/23/2019,12/24/2017
cfeiferl9,cfeiferl9@prweb.com,Curcio,Feifer,Oq2XCG2Dp,3/1/2018,7/10/2018
rsporlela,rsporlela@intel.com,Ruperto,Sporle,lKQY8o3R,5/1/2017,2/16/2020
nmackenneylb,nmackenneylb@rediff.com,Nathanial,MacKenney,kFvDTPAVX4s,8/31/2017,12/3/2018
tbohlingolsenlc,tbohlingolsenlc@homestead.com,Teresina,BoHlingolsen,bCYQG0n5D99,12/7/2019,11/25/2017
rsneadld,rsneadld@ycombinator.com,Rayner,Snead,0H9TfOPuxmUf,4/10/2020,1/25/2020
mdabesle,mdabesle@multiply.com,Marya,Dabes,B8CbFsh8W3,8/4/2021,2/10/2021
kstoakslf,kstoakslf@whitehouse.gov,Kitti,Stoaks,aN1ghim1BdrY,3/28/2018,5/15/2021
cmaulkinlg,cmaulkinlg@house.gov,Clary,Maulkin,34oHPy55uceo,12/3/2020,3/31/2018
jdanielskylh,jdanielskylh@usda.gov,Juliana,Danielsky,714whRx8wbZ2,6/21/2018,8/19/2017
ttrenearli,ttrenearli@dmoz.org,Talyah,Trenear,kbkHssGoFK,10/13/2016,6/22/2021
rserotskylj,rserotskylj@ocn.ne.jp,Royce,Serotsky,7Gpm0G7Z,2/14/2021,9/2/2018
gcowlaslk,gcowlaslk@archive.org,Godart,Cowlas,KP1OgUBN,7/11/2021,12/12/2017
gdecarolisll,gdecarolisll@flavors.me,Gilles,De Carolis,IkX0Ml,5/30/2017,1/7/2021
gsperringlm,gsperringlm@hatena.ne.jp,Gertie,Sperring,gXDDdYu,10/21/2016,7/15/2021
fobroganeln,fobroganeln@alibaba.com,Forrester,O'Brogane,Edr8t8,7/16/2018,3/16/2017
edengelo,edengelo@list-manage.com,Erick,Denge,74tgGGJyCzd,1/7/2019,5/10/2019
atwyninglp,atwyninglp@auda.org.au,Ardra,Twyning,Dg5RCpwrFI,9/3/2020,12/6/2017
lladbrookelq,lladbrookelq@washington.edu,Laurie,Ladbrooke,mAe8iMEBA7r,5/9/2020,4/5/2018
lnunnerleylr,lnunnerleylr@noaa.gov,Lorna,Nunnerley,ETLoX5,10/19/2019,10/5/2017
jscarrls,jscarrls@ocn.ne.jp,Jilli,Scarr,uia0qf4in,7/10/2019,12/10/2020
wbostonlt,wbostonlt@chron.com,Waylan,Boston,swvFLvijabG,1/31/2017,3/21/2017
tschoolinglu,tschoolinglu@exblog.jp,Tomkin,Schooling,P9xANro,6/7/2021,1/4/2021
hkelleherlv,hkelleherlv@hostgator.com,Harlen,Kelleher,C81rYI1,4/7/2018,3/17/2019
ghanlinlw,ghanlinlw@google.com.au,Gaylord,Hanlin,1Z1LqcO,10/20/2017,5/4/2018
relintunelx,relintunelx@pagesperso-orange.fr,Raul,Elintune,4ftOj0,2/6/2020,11/14/2020
pmatteuzzily,pmatteuzzily@yelp.com,Phylis,Matteuzzi,Jq2sbA,7/17/2017,10/12/2020
dmaydwaylz,dmaydwaylz@discovery.com,Dawn,Maydway,VfXrpE2w8jdF,5/6/2018,8/26/2017
mdelloydm0,mdelloydm0@google.com.au,Minni,de Lloyd,9vHmJ6,10/15/2018,11/5/2020
kwrettumm1,kwrettumm1@merriam-webster.com,Kare,Wrettum,NIq8H2nH,7/17/2019,4/14/2019
vecklym2,vecklym2@weibo.com,Viole,Eckly,FQ9wdjLmLRM,6/22/2021,6/21/2020
dcrosiom3,dcrosiom3@barnesandnoble.com,Dorella,Crosio,L103hYR,1/26/2017,11/3/2017
cmaccurlyem4,cmaccurlyem4@arizona.edu,Chaddy,MacCurlye,vOlu51lpLmPc,12/2/2019,10/1/2020
vloveladym5,vloveladym5@51.la,Veriee,Lovelady,yNV7DVEg0,12/5/2018,5/28/2021
bdefrainem6,bdefrainem6@lycos.com,Babbie,Defraine,DfYAxK,1/16/2020,6/6/2021
cyurinovm7,cyurinovm7@twitpic.com,Calhoun,Yurinov,KVi5dOa0,7/14/2018,6/29/2018
ahellensm8,ahellensm8@wordpress.com,Antoni,Hellens,v91YgNjiihxS,7/1/2020,9/6/2021
ptwiningm9,ptwiningm9@barnesandnoble.com,Pattie,Twining,9xOKtgrDg7D,2/8/2018,1/29/2019
larnoldma,larnoldma@engadget.com,Loutitia,Arnold,yqEfLJe,8/23/2021,4/16/2020
cwasylkiewiczmb,cwasylkiewiczmb@cmu.edu,Clyve,Wasylkiewicz,oAZl6K,4/13/2017,11/13/2017
abricklebankmc,abricklebankmc@mit.edu,Ashley,Bricklebank,5FO7Pti5Xcy5,10/21/2019,8/5/2019
wgorstmd,wgorstmd@sciencedirect.com,Werner,Gorst,PQfDMbUgx,8/3/2017,10/5/2020
tblawme,tblawme@plala.or.jp,Trefor,Blaw,XsS6NQoopT,8/22/2020,10/31/2021
hgoggeymf,hgoggeymf@soundcloud.com,Haily,Goggey,NgVuKAG,3/28/2018,1/24/2019
rmendenhallmg,rmendenhallmg@ifeng.com,Roana,Mendenhall,sOOVtZ2fH2,12/23/2019,9/24/2021
gfronsekmh,gfronsekmh@howstuffworks.com,Gabrielle,Fronsek,M0egtQ19ew,12/17/2019,6/4/2017
ncollibermi,ncollibermi@dailymail.co.uk,Nicolle,Colliber,z9knYT,2/12/2021,4/30/2020
jgrellismj,jgrellismj@plala.or.jp,Jed,Grellis,jSDwAGxLF8,2/28/2021,9/15/2020
bsimmenmk,bsimmenmk@senate.gov,Berrie,Simmen,aqR2ee,8/8/2018,3/7/2019
chonniebalml,chonniebalml@samsung.com,Christiana,Honniebal,hGpIQv7,4/1/2020,10/24/2016
dpettsmm,dpettsmm@marriott.com,Desmund,Petts,qQjydh2NyYdh,12/1/2019,12/7/2016
dpoutressmn,dpoutressmn@tinypic.com,Delphine,Poutress,o20oDerHS6uj,8/20/2021,5/31/2018
cpeskinmo,cpeskinmo@t-online.de,Carroll,Peskin,pGe4QXJwU,9/5/2021,11/20/2016
bbeallmp,bbeallmp@fema.gov,Bourke,Beall,AHMM1Y,1/12/2021,11/5/2020
cbotrightmq,cbotrightmq@tinypic.com,Carolan,Botright,uabakmDJiWRT,10/11/2020,5/1/2017
blegueymr,blegueymr@a8.net,Brewer,Leguey,IPjQaU,7/15/2020,12/21/2019
ahughesms,ahughesms@answers.com,Arte,Hughes,ITcVhKv82S7,10/14/2019,11/8/2018
smidfordmt,smidfordmt@mashable.com,Sephira,Midford,Lj6vyxfR,8/20/2017,2/16/2019
adaccamu,adaccamu@google.de,Adrea,Dacca,3mlv3VAI40s,11/28/2019,4/4/2017
dgippsmv,dgippsmv@tinypic.com,Davina,Gipps,Ek623xNuC,11/23/2020,2/13/2017
msibbaldmw,msibbaldmw@hp.com,Maximilien,Sibbald,jE4SCQw6zn2o,6/2/2018,11/21/2020
bfancettmx,bfancettmx@wikimedia.org,Baron,Fancett,H4nbV0e8,5/31/2017,1/21/2019
cgentlemy,cgentlemy@unblog.fr,Chanda,Gentle,58DIji,6/19/2018,10/25/2017
bpattissonmz,bpattissonmz@baidu.com,Benedikta,Pattisson,zaB0TDXpxHfw,7/10/2021,7/20/2019
bhinzern0,bhinzern0@pinterest.com,Brodie,Hinzer,Lk1X5k6x,5/12/2019,3/2/2018
mtoghilln1,mtoghilln1@moonfruit.com,Marnie,Toghill,U2z9RP6o,8/10/2020,3/7/2021
jphinnn2,jphinnn2@craigslist.org,Janey,Phinn,QNxHLhp,2/21/2020,4/10/2017
ecristofolon3,ecristofolon3@aboutads.info,Esme,Cristofolo,zB6X5djOoTMw,4/4/2021,8/12/2020
scoltartn4,scoltartn4@yolasite.com,Skylar,Coltart,xetVwh,1/3/2017,4/13/2020
araithn5,araithn5@reverbnation.com,Annadiane,Raith,MaxfGLteurLw,3/8/2017,9/25/2020
mackredn6,mackredn6@themeforest.net,Mechelle,Ackred,EJfNDUk4,12/31/2019,7/3/2020
mingren7,mingren7@oaic.gov.au,Myrvyn,Ingre,JCH5at2P,11/28/2018,3/28/2020
bpurcern8,bpurcern8@virginia.edu,Belinda,Purcer,FQ2JBXoUe,11/27/2017,3/20/2021
ntimbridgen9,ntimbridgen9@businesswire.com,Naoma,Timbridge,Q0SiAzyBYFQ,2/5/2021,3/1/2019
mbascombna,mbascombna@utexas.edu,Margi,Bascomb,CNVQr5Ktv,8/2/2020,10/10/2017
mkirschnb,mkirschnb@cocolog-nifty.com,Mil,Kirsch,WlzynTYWin,11/27/2017,1/29/2020
tmapplethorpenc,tmapplethorpenc@gmpg.org,Thaddeus,Mapplethorpe,xQfjEVljWGPD,11/29/2020,2/28/2021
omapsnd,omapsnd@gizmodo.com,Orelle,Maps,rPHllmfr,9/20/2018,6/11/2018
gscuttsne,gscuttsne@netvibes.com,Griswold,Scutts,Mr66Lch2K0ar,5/31/2018,11/13/2020
zhanwellnf,zhanwellnf@yolasite.com,Zahara,Hanwell,Ennj3RvO8iB,4/12/2019,10/21/2016
jbeveridgeng,jbeveridgeng@blogtalkradio.com,Jeffry,Beveridge,kjqPbhA,5/17/2020,8/9/2018
flabbnh,flabbnh@goo.gl,Falkner,Labb,skNn8R,6/19/2017,9/15/2020
lfaulksni,lfaulksni@google.it,Leoline,Faulks,LQogOUfk59aR,10/9/2018,9/8/2019
tferronelnj,tferronelnj@reference.com,Trev,Ferronel,QFlJLFXZtFu,6/9/2020,12/8/2019
fohonenk,fohonenk@goo.gl,Francyne,O'Hone,m8nWeiNInU8Q,4/22/2017,10/17/2021
donnnl,donnnl@weebly.com,Derrick,Onn,UktPAsEg262,2/24/2019,6/11/2017
finklenm,finklenm@mlb.com,Fons,Inkle,lfsgxqu8JC9,10/21/2017,1/26/2018
gkobielann,gkobielann@icq.com,Gage,Kobiela,7h6xjXluHz,1/11/2019,5/7/2018
eacklandno,eacklandno@yale.edu,Eddy,Ackland,ZE9WW93muX4p,8/27/2018,2/18/2021
dcoppennp,dcoppennp@qq.com,Danna,Coppen,qOgajJltE9,11/17/2019,9/18/2019
jnotmannq,jnotmannq@mtv.com,Jeniffer,Notman,g2v41axji,11/5/2016,10/22/2016
hayshnr,hayshnr@bbc.co.uk,Hort,Aysh,6FOdPl0T,7/20/2019,6/1/2020
fmclindenns,fmclindenns@dailymail.co.uk,Far,McLinden,lKWAZw8ykInI,3/8/2018,3/12/2020
jwillertonnt,jwillertonnt@ted.com,Jasen,Willerton,pLvynLSghiDn,6/1/2019,8/8/2017
abraunsteinnu,abraunsteinnu@about.me,Adam,Braunstein,AtXhIRDC,9/18/2021,8/22/2020
okeemarnv,okeemarnv@parallels.com,Odo,Keemar,8m3MgDYfEL2,3/12/2018,2/13/2018
ddaubenynw,ddaubenynw@gmpg.org,Darbie,Daubeny,1SlZG6jMZ,4/28/2018,3/8/2020
mwartnabynx,mwartnabynx@buzzfeed.com,Marylin,Wartnaby,elcMn2nvo,5/14/2020,7/14/2018
ncranidgeny,ncranidgeny@apple.com,Nikoletta,Cranidge,JEDOIkLfndr,9/22/2021,6/13/2019
cessonnz,cessonnz@usa.gov,Cly,Esson,MtHAnhPuCXNt,7/9/2020,6/15/2021
smontiero0,smontiero0@facebook.com,Somerset,Montier,lRtHNvpovX,3/12/2020,11/11/2020
ocastledineo1,ocastledineo1@csmonitor.com,Oralie,Castledine,G9BuiFZHw,9/17/2019,5/14/2017
yjorno2,yjorno2@ted.com,Ynes,Jorn,HGVhEW6V,7/25/2020,3/27/2020
ehydeo3,ehydeo3@wsj.com,Emmet,Hyde,VgIKGMm,12/1/2016,3/30/2018
ofeenyo4,ofeenyo4@redcross.org,Ollie,Feeny,moqbZnLfkg,2/9/2021,8/15/2020
tgoomso5,tgoomso5@godaddy.com,Teodoor,Gooms,Aj7adzIQ,1/22/2019,11/30/2018
jondriceko6,jondriceko6@timesonline.co.uk,Janine,Ondricek,fcKyhMBcEm7,7/19/2021,7/29/2017
kgravatto7,kgravatto7@liveinternet.ru,Kippy,Gravatt,2GI2C57CDpHt,7/17/2017,10/10/2018
fwannopo8,fwannopo8@thetimes.co.uk,Fannie,Wannop,SsHYIKx,3/15/2020,8/17/2019
aridelo9,aridelo9@toplist.cz,Allsun,Ridel,Vk1f62QksEpM,8/22/2018,6/3/2019
acoxonoa,acoxonoa@nasa.gov,Avis,Coxon,yMto3L,10/29/2016,12/19/2019
odelaguaob,odelaguaob@adobe.com,Olive,Delagua,JdTU47TploRf,2/24/2021,5/16/2018
pballeoc,pballeoc@howstuffworks.com,Page,Balle,yh6z4tmh,12/2/2016,11/27/2020
kdullardod,kdullardod@phoca.cz,Katherina,Dullard,nswAQ8u,3/5/2019,9/23/2018
wtissimanoe,wtissimanoe@furl.net,Willard,Tissiman,vPlLgF,8/11/2020,4/30/2020
cgallehockof,cgallehockof@businesswire.com,Catrina,Gallehock,N20LQgo19E,2/12/2018,11/14/2019
cfindleyog,cfindleyog@amazon.de,Clary,Findley,9Q2sx6XSR49S,6/2/2019,8/29/2019
xmissonoh,xmissonoh@wikispaces.com,Xena,Misson,g8QgselCgCN,1/10/2018,12/26/2017
scisselloi,scisselloi@unc.edu,Stefanie,Cissell,JEs4vtU,4/17/2021,9/12/2017
czamoraoj,czamoraoj@wired.com,Christoph,Zamora,7w4UNgSGYe,8/1/2020,12/21/2016
shattoeok,shattoeok@aol.com,Sileas,Hattoe,PKjn4lv,3/1/2019,7/15/2017
abrokerol,abrokerol@go.com,Abigail,Broker,x8PVHx,11/29/2018,1/24/2019
ffoulgerom,ffoulgerom@redcross.org,Freddi,Foulger,OLPLttf,10/1/2017,9/22/2021
hgwynnon,hgwynnon@upenn.edu,Hirsch,Gwynn,DWuG1y0ZVL,4/28/2021,7/17/2021
hsekullaoo,hsekullaoo@google.ru,Heywood,Sekulla,6SSurSk,3/10/2021,7/2/2020
sheatleyop,sheatleyop@comcast.net,Susanne,Heatley,1zzWQU0,1/26/2018,11/20/2018
mclemettoq,mclemettoq@clickbank.net,Marla,Clemett,ftejOL798H,4/30/2020,3/15/2020
gcaddellor,gcaddellor@google.fr,Gisella,Caddell,7y81OwI5w,4/3/2019,7/27/2021
lcolbranos,lcolbranos@admin.ch,Lucila,Colbran,njrCrVtAh6d,12/5/2016,7/9/2020
ckornelukot,ckornelukot@mysql.com,Cy,Korneluk,l9Wh7vK,5/23/2018,3/28/2020
cwollerou,cwollerou@cbc.ca,Celle,Woller,LOfNqkG27OJ,11/21/2020,11/10/2020
arenaultov,arenaultov@adobe.com,Artur,Renault,05lPmilnGK,2/17/2021,8/28/2021
bchaffow,bchaffow@naver.com,Benny,Chaff,YOjpmcO,3/1/2019,8/24/2020
eembersonox,eembersonox@edublogs.org,Elle,Emberson,ZHzIeOTfxz2,6/15/2021,8/6/2019
jgrisdaleoy,jgrisdaleoy@aol.com,Jere,Grisdale,xZ8vVDN2e,9/9/2019,4/29/2021
jcurtainoz,jcurtainoz@symantec.com,Jewel,Curtain,ZtSGI9C11IW5,12/6/2018,5/12/2020
rguyep0,rguyep0@oakley.com,Roslyn,Guye,3l0eovD1O,7/29/2019,12/25/2016
sjeansp1,sjeansp1@dell.com,Stern,Jeans,1tIyvltdvmvo,11/2/2018,3/10/2019
nmedgwickp2,nmedgwickp2@google.de,Nadean,Medgwick,FOec68PhMq,2/10/2018,3/29/2021
lsweedlandp3,lsweedlandp3@bloomberg.com,Lynette,Sweedland,zyfaVUgQJ,3/7/2017,9/10/2019
bomearap4,bomearap4@wikipedia.org,Brinn,O' Meara,ewJJhogk5w4E,7/16/2019,11/21/2017
rkondratenkop5,rkondratenkop5@smh.com.au,Rancell,Kondratenko,ZBHqJxZQJWS,4/15/2019,1/18/2019
cgallacciop6,cgallacciop6@icio.us,Crin,Gallaccio,lBq7j2Dtbueb,4/1/2020,6/10/2017
rlimbertp7,rlimbertp7@va.gov,Rasla,Limbert,RblwGccN,8/31/2019,5/30/2018
lbartolomeup8,lbartolomeup8@buzzfeed.com,Lari,Bartolomeu,6OvSQwqC,8/13/2017,10/12/2021
cwalasikp9,cwalasikp9@weibo.com,Corinna,Walasik,Kvo8VP0O,4/23/2019,11/27/2019
frillettpa,frillettpa@aboutads.info,Fayre,Rillett,HE2Z3aP90,8/28/2021,9/23/2017
kratchfordpb,kratchfordpb@cbsnews.com,Kori,Ratchford,bZM4uSdtFuh,6/10/2021,11/24/2017
jrennockpc,jrennockpc@rediff.com,Josey,Rennock,PM4qRxydhA,8/15/2017,6/17/2017
scornspd,scornspd@dell.com,Steven,Corns,HgCAbqc7,5/31/2019,10/1/2018
rdeverockpe,rdeverockpe@fastcompany.com,Ruby,Deverock,jcAX6yL,2/18/2020,6/2/2019
afellgettpf,afellgettpf@japanpost.jp,Arabella,Fellgett,4Nk1OAn,9/24/2018,3/10/2017
mdwightpg,mdwightpg@alexa.com,Muhammad,Dwight,CAPHlwREv,8/8/2019,11/24/2019
gmonteauxph,gmonteauxph@bizjournals.com,Georgiana,Monteaux,DtSz4b,5/6/2017,12/25/2017
gbeddispi,gbeddispi@indiegogo.com,Glen,Beddis,llKgvQO,10/28/2018,8/27/2017
civantyevpj,civantyevpj@noaa.gov,Clyde,Ivantyev,yxnbHXxyW,5/23/2020,9/8/2018
emockespk,emockespk@dmoz.org,Ewart,Mockes,3KRVkuQRCCWf,10/11/2018,10/19/2021
jbarentspl,jbarentspl@blogspot.com,Jenni,Barents,zYdB1C,10/31/2021,9/18/2018
tcudiffpm,tcudiffpm@behance.net,Tamma,Cudiff,KisHhi,6/4/2019,12/22/2016
bnewlanpn,bnewlanpn@histats.com,Blake,Newlan,oyfEOHXWU0,7/11/2020,3/6/2020
gpittockpo,gpittockpo@wunderground.com,Graehme,Pittock,l0xYKZ,2/11/2018,11/8/2017
srheubottompp,srheubottompp@woothemes.com,Susy,Rheubottom,XCy0hdD,3/30/2017,4/27/2021
dpickburnpq,dpickburnpq@mlb.com,Devonna,Pickburn,wjarObjoL,2/1/2018,1/15/2020
hidellpr,hidellpr@wikia.com,Hannie,Idell,ajxjnTM,3/28/2021,10/29/2021
adomeniconeps,adomeniconeps@google.fr,Ambrose,Domenicone,qCjxDDsUjYL,3/13/2019,2/22/2019
caschept,caschept@cnet.com,Conrad,Asche,rWNEZydw,9/13/2017,7/22/2017
shuncotepu,shuncotepu@spotify.com,Sarge,Huncote,qj334n65MC,7/2/2019,8/10/2019
zbraunlepv,zbraunlepv@bizjournals.com,Zacharias,Braunle,Bsu44dLvWT,8/6/2021,10/21/2016
kchillespw,kchillespw@123-reg.co.uk,Kevan,Chilles,NhPCOXuO0zE,2/20/2019,8/7/2018
cwhitfordpx,cwhitfordpx@yahoo.co.jp,Clarie,Whitford,L68xiE,10/4/2020,5/24/2018
hmitroshinovpy,hmitroshinovpy@issuu.com,Hollie,Mitroshinov,ifgvpY,4/3/2017,12/11/2017
bdionisiipz,bdionisiipz@delicious.com,Benedetto,Dionisii,aVC8fX,12/24/2020,11/9/2016
ccharlewoodq0,ccharlewoodq0@liveinternet.ru,Craggy,Charlewood,3XanBFA6l,11/6/2020,3/6/2017
vdomoneq1,vdomoneq1@yellowbook.com,Vernice,Domone,pgqafI4,1/14/2019,8/12/2017
mdeweyq2,mdeweyq2@friendfeed.com,Mychal,Dewey,7crYwoPe0,7/28/2017,4/11/2017
ksammarsq3,ksammarsq3@goodreads.com,Kippie,Sammars,y8xLzXy,7/11/2019,11/6/2021
lpietrowiczq4,lpietrowiczq4@gravatar.com,Linnea,Pietrowicz,WXn6xDUCLsf,7/30/2021,7/29/2017
cpiffeq5,cpiffeq5@elpais.com,Clement,Piffe,DPWawkNMRDEw,11/5/2020,8/17/2020
fsmallq6,fsmallq6@huffingtonpost.com,Ferrel,Small,W0CALUH9z6,9/13/2021,11/3/2019
kfilipovicq7,kfilipovicq7@diigo.com,Katharina,Filipovic,yTrdDOc06xF,2/19/2021,12/13/2017
dmilsteadq8,dmilsteadq8@yellowbook.com,Dukie,Milstead,OLFrvsYa7HKZ,1/13/2019,6/20/2017
ephizakarleyq9,ephizakarleyq9@vinaora.com,Ede,Phizakarley,lIKdgFU15Ob,1/21/2021,8/19/2021
fqueripelqa,fqueripelqa@acquirethisname.com,Fredrick,Queripel,YvyQbG4kUs,9/23/2020,1/10/2021
skingeqb,skingeqb@independent.co.uk,Shepard,Kinge,cgSYms0f,8/27/2020,1/3/2019
rrossettiqc,rrossettiqc@istockphoto.com,Rae,Rossetti,Zq0hi2Go8,8/2/2018,4/18/2019
melvesqd,melvesqd@wp.com,Maddalena,Elves,ORIJbRr,2/2/2018,1/25/2019
mbowerbankqe,mbowerbankqe@jimdo.com,Maurine,Bowerbank,mUAQrrXeD,8/3/2020,2/4/2021
avowdenqf,avowdenqf@webmd.com,Angele,Vowden,up6zX1it,4/5/2019,6/10/2021
gmckinneyqg,gmckinneyqg@hibu.com,Gallagher,McKinney,mZnoZIvJEA,8/3/2020,9/5/2021
hcaddanqh,hcaddanqh@wunderground.com,Heinrik,Caddan,dpA15OLZ,6/19/2020,11/24/2017
cbreinlqi,cbreinlqi@reference.com,Carly,Breinl,hPp1tV,1/13/2021,8/9/2020
jissonqj,jissonqj@telegraph.co.uk,Joleen,Isson,TWbF4K,4/11/2020,6/3/2021
bchezierqk,bchezierqk@google.co.jp,Berny,Chezier,ZH3wXxl,3/25/2020,1/5/2020
vwillarsql,vwillarsql@shutterfly.com,Valentin,Willars,YeZXjVQXsmrU,4/9/2017,3/1/2018
rwhybrowqm,rwhybrowqm@rakuten.co.jp,Rooney,Whybrow,uqwfFYk0iCD,11/8/2019,11/21/2020
asloaneqn,asloaneqn@springer.com,Alexandros,Sloane,ZLkzPLQ1rm,10/12/2021,2/17/2020
bproswellqo,bproswellqo@cloudflare.com,Berna,Proswell,v1ySWlg8,9/12/2020,12/21/2019
llynnqp,llynnqp@dion.ne.jp,Livvie,Lynn,UfZjCflfi,8/19/2017,10/21/2016
jcaddellqq,jcaddellqq@ameblo.jp,Jennilee,Caddell,6bPsSaIKyDA,9/18/2018,2/5/2021
cmottenqr,cmottenqr@weather.com,Cleavland,Motten,kL3FZ9e,1/7/2017,3/4/2017
czanettoqs,czanettoqs@cam.ac.uk,Clive,Zanetto,OjCoAmq,2/2/2018,11/3/2018
dpinnockeqt,dpinnockeqt@newsvine.com,Daisie,Pinnocke,FU9qzH1,7/23/2017,1/24/2021
cpirouetqu,cpirouetqu@skype.com,Cal,Pirouet,56OZ5FHm,1/16/2018,12/7/2019
nachrameevqv,nachrameevqv@tmall.com,Niki,Achrameev,ZUKqTuEpo6H,11/11/2016,2/16/2021
jblenkhornqw,jblenkhornqw@usa.gov,Joelle,Blenkhorn,EVD7TgoHQw,3/14/2017,11/29/2016
itournerqx,itournerqx@bravesites.com,Ivie,Tourner,yP3P7G0k2s,10/2/2021,1/25/2017
agrouvelqy,agrouvelqy@ning.com,Arden,Grouvel,D6IIktDPt,3/14/2018,8/20/2017
jturfesqz,jturfesqz@is.gd,Jacenta,Turfes,kOTLAD6yYi,3/31/2019,4/16/2017
vdabbsr0,vdabbsr0@goo.ne.jp,Vally,Dabbs,o59ZdH9svz,1/2/2017,11/19/2019
fowenr1,fowenr1@list-manage.com,Fredra,Owen,mmpxjEKT,11/3/2019,6/21/2019
gcuellr2,gcuellr2@xinhuanet.com,Gaynor,Cuell,Chrt0jbpbK,7/15/2018,12/1/2020
amccolganr3,amccolganr3@google.com.au,Annis,McColgan,iRqrXs7g,11/3/2016,11/1/2020
eosantr4,eosantr4@hc360.com,Emmey,Osant,AXzfbA2RLRpN,4/13/2020,10/13/2021
bcleminshawr5,bcleminshawr5@yahoo.com,Brucie,Cleminshaw,l7hAlNiPMc6H,6/8/2020,5/27/2019
pverdonr6,pverdonr6@posterous.com,Prisca,Verdon,yQwoZXg9oM,6/18/2018,10/19/2018
rcrennellr7,rcrennellr7@unc.edu,Rafaelia,Crennell,wCA6wb,9/7/2020,6/10/2020
agonnellyr8,agonnellyr8@uiuc.edu,Ansel,Gonnelly,dy6dQNqz,4/3/2020,11/1/2021
cjarrelr9,cjarrelr9@infoseek.co.jp,Cyrill,Jarrel,VgfEmLlEalo,9/29/2018,5/19/2019
llinnra,llinnra@360.cn,Leoine,Linn,TVsF3FeaGwID,5/24/2021,1/16/2019
mvandaalenrb,mvandaalenrb@ucoz.com,Margalit,Van Daalen,WJPDQiWm,4/26/2020,1/22/2018
sstanfieldrc,sstanfieldrc@craigslist.org,Shermy,Stanfield,LGuJmjlcil,10/30/2019,12/29/2017
hshovellrd,hshovellrd@fastcompany.com,Hervey,Shovell,sACs04BjE,3/3/2018,6/26/2019
dstangoere,dstangoere@sogou.com,Deirdre,Stangoe,vL9ZyE387E,3/16/2021,2/29/2020
kkemmerf,kkemmerf@sitemeter.com,Kalle,Kemme,vxaUO0IOT,2/21/2018,7/2/2017
mwatkissrg,mwatkissrg@huffingtonpost.com,Morgana,Watkiss,hk8luDX69N,2/13/2018,3/19/2020
cassonrh,cassonrh@who.int,Charlean,Asson,7Ti43fdTOl,5/11/2021,10/17/2016
mshielri,mshielri@seesaa.net,Maggi,Shiel,n5PUYCu,3/12/2017,9/18/2020
iandrickrj,iandrickrj@who.int,Ingar,Andrick,rr8PRkgOYknB,8/25/2020,11/30/2018
rollingtonrk,rollingtonrk@ox.ac.uk,Reese,Ollington,wEPlJ84,12/31/2019,6/24/2018
afaustrl,afaustrl@google.nl,Abdel,Faust,rTF8NYfyF,10/30/2019,11/7/2018
cspoerlrm,cspoerlrm@prlog.org,Cherilyn,Spoerl,cbvu4WIp,9/5/2019,6/5/2021
hslaghtrn,hslaghtrn@arizona.edu,Hailey,Slaght,zCDGLllgg7jA,1/18/2019,7/6/2020
bcleevelyro,bcleevelyro@cnet.com,Bronson,Cleevely,d7LfW0jN0DKi,6/11/2018,7/19/2021
iwillisrp,iwillisrp@nifty.com,Irita,Willis,xPtcP9I,4/3/2019,9/17/2019
hyantsurevrq,hyantsurevrq@tamu.edu,Harli,Yantsurev,T9R0w6P0L5eJ,1/8/2020,4/1/2019
ralejandrirr,ralejandrirr@theglobeandmail.com,Romola,Alejandri,fEJX5JU,12/11/2017,7/20/2021
